,Time,Temperature
0,0.0,31.19
1,0.6038647342995169,31.41
2,1.2077294685990339,31.34
3,1.8115942028985508,31.26
4,2.4154589371980677,31.33
5,3.0193236714975846,31.35
6,3.6231884057971016,31.31
7,4.2270531400966185,31.42
8,4.830917874396135,31.45
9,5.434782608695652,31.47
10,6.038647342995169,31.55
11,6.642512077294686,31.55
12,7.246376811594203,31.69
13,7.85024154589372,31.73
14,8.454106280193237,31.83
15,9.057971014492754,31.94
16,9.66183574879227,32.01
17,10.265700483091788,32.2
18,10.869565217391305,32.25
19,11.473429951690822,32.47
20,12.077294685990339,32.52
21,12.681159420289855,32.7
22,13.285024154589372,32.8
23,13.88888888888889,32.98
24,14.492753623188406,33.14
25,15.096618357487923,33.3
26,15.70048309178744,33.45
27,16.304347826086957,33.58
28,16.908212560386474,33.77
29,17.51207729468599,33.91
30,18.115942028985508,34.06
31,18.719806763285025,34.24
32,19.32367149758454,34.32
33,19.92753623188406,34.63
34,20.531400966183575,34.77
35,21.135265700483092,34.88
36,21.73913043478261,34.97
37,22.342995169082126,35.23
38,22.946859903381643,35.37
39,23.55072463768116,35.55
40,24.154589371980677,35.66
41,24.758454106280194,35.73
42,25.36231884057971,35.98
43,25.966183574879228,36.09
44,26.570048309178745,36.23
45,27.17391304347826,36.27
46,27.77777777777778,36.5
47,28.381642512077295,36.75
48,28.985507246376812,36.77
49,29.58937198067633,36.95
50,30.193236714975846,37.09
51,30.797101449275363,37.18
52,31.40096618357488,37.24
53,32.0048309178744,37.49
54,32.608695652173914,37.59
55,33.21256038647343,37.7
56,33.81642512077295,37.9
57,34.42028985507247,37.97
58,35.02415458937198,38.19
59,35.628019323671495,38.3
60,36.231884057971016,38.33
61,36.835748792270536,38.45
62,37.43961352657005,38.59
63,38.04347826086956,38.76
64,38.64734299516908,38.92
65,39.251207729468604,38.98
66,39.85507246376812,39.06
67,40.45893719806763,39.22
68,41.06280193236715,39.3
69,41.66666666666667,39.37
70,42.270531400966185,39.55
71,42.8743961352657,39.69
72,43.47826086956522,39.71
73,44.08212560386474,39.88
74,44.68599033816425,39.97
75,45.289855072463766,40.05
76,45.893719806763286,40.13
77,46.49758454106281,40.25
78,47.10144927536232,40.34
79,47.70531400966183,40.5
80,48.309178743961354,40.5
81,48.913043478260875,40.71
82,49.51690821256039,40.77
83,50.1207729468599,40.87
84,50.72463768115942,40.9
85,51.32850241545894,41.03
86,51.932367149758456,41.14
87,52.53623188405797,41.21
88,53.14009661835749,41.41
89,53.74396135265701,41.47
90,54.34782608695652,41.53
91,54.95169082125604,41.66
92,55.55555555555556,41.83
93,56.15942028985508,41.8
94,56.76328502415459,41.91
95,57.367149758454104,42.03
96,57.971014492753625,42.16
97,58.574879227053145,42.18
98,59.17874396135266,42.33
99,59.78260869565217,42.42
100,60.38647342995169,42.5
101,60.99033816425121,42.57
102,61.594202898550726,42.71
103,62.19806763285024,42.69
104,62.80193236714976,42.84
105,63.40579710144928,42.98
106,64.0096618357488,43.01
107,64.61352657004831,43.15
108,65.21739130434783,43.24
109,65.82125603864735,43.3
110,66.42512077294685,43.39
111,67.02898550724638,43.48
112,67.6328502415459,43.48
113,68.23671497584542,43.62
114,68.84057971014494,43.69
115,69.44444444444444,43.78
116,70.04830917874396,43.86
117,70.65217391304348,43.89
118,71.25603864734299,44.08
119,71.85990338164251,44.12
120,72.46376811594203,44.17
121,73.06763285024155,44.27
122,73.67149758454107,44.28
123,74.27536231884058,44.46
124,74.8792270531401,44.53
125,75.48309178743962,44.64
126,76.08695652173913,44.73
127,76.69082125603865,44.77
128,77.29468599033817,44.85
129,77.89855072463769,44.85
130,78.50241545893721,44.97
131,79.10628019323671,45.13
132,79.71014492753623,45.21
133,80.31400966183575,45.17
134,80.91787439613526,45.31
135,81.52173913043478,45.28
136,82.1256038647343,45.47
137,82.72946859903382,45.54
138,83.33333333333334,45.63
139,83.93719806763285,45.74
140,84.54106280193237,45.8
141,85.14492753623189,45.88
142,85.7487922705314,45.99
143,86.35265700483092,46.06
144,86.95652173913044,46.13
145,87.56038647342996,46.2
146,88.16425120772948,46.26
147,88.76811594202898,46.4
148,89.3719806763285,46.35
149,89.97584541062803,46.46
150,90.57971014492753,46.59
151,91.18357487922705,46.66
152,91.78743961352657,46.72
153,92.3913043478261,46.76
154,92.99516908212561,46.94
155,93.59903381642512,46.98
156,94.20289855072464,46.98
157,94.80676328502416,47.12
158,95.41062801932367,47.16
159,96.01449275362319,47.24
160,96.61835748792271,47.38
161,97.22222222222223,47.47
162,97.82608695652175,47.43
163,98.42995169082126,47.61
164,99.03381642512078,47.65
165,99.6376811594203,47.66
166,100.2415458937198,47.73
167,100.84541062801932,47.89
168,101.44927536231884,47.87
169,102.05314009661836,47.94
170,102.65700483091788,47.98
171,103.26086956521739,48.1
172,103.86473429951691,48.1
173,104.46859903381643,48.25
174,105.07246376811594,48.2
175,105.67632850241546,48.32
176,106.28019323671498,48.34
177,106.8840579710145,48.43
178,107.48792270531402,48.51
179,108.09178743961353,48.56
180,108.69565217391305,48.64
181,109.29951690821257,48.69
182,109.90338164251207,48.73
183,110.5072463768116,48.79
184,111.11111111111111,48.76
185,111.71497584541063,48.88
186,112.31884057971016,48.98
187,112.92270531400966,48.96
188,113.52657004830918,49.02
189,114.1304347826087,49.02
190,114.73429951690821,49.17
191,115.33816425120773,49.23
192,115.94202898550725,49.31
193,116.54589371980677,49.2
194,117.14975845410629,49.27
195,117.7536231884058,49.44
196,118.35748792270532,49.49
197,118.96135265700484,49.45
198,119.56521739130434,49.51
199,120.16908212560386,49.55
200,120.77294685990339,49.63
201,121.3768115942029,49.67
202,121.98067632850243,49.65
203,122.58454106280193,49.77
204,123.18840579710145,49.82
205,123.79227053140097,49.84
206,124.39613526570048,49.77
207,125.0,49.87
208,125.60386473429952,49.93
209,126.20772946859904,49.99
210,126.81159420289856,49.95
211,127.41545893719807,50.02
212,128.0193236714976,50.05
213,128.6231884057971,50.13
214,129.22705314009661,50.11
215,129.83091787439614,50.12
216,130.43478260869566,50.24
217,131.03864734299518,50.25
218,131.6425120772947,50.27
219,132.24637681159422,50.29
220,132.8502415458937,50.3
221,133.45410628019323,50.3
222,134.05797101449275,50.4
223,134.66183574879227,50.41
224,135.2657004830918,50.43
225,135.8695652173913,50.52
226,136.47342995169083,50.54
227,137.07729468599035,50.5
228,137.68115942028987,50.54
229,138.28502415458937,50.67
230,138.88888888888889,50.7
231,139.4927536231884,50.74
232,140.09661835748793,50.68
233,140.70048309178745,50.72
234,141.30434782608697,50.72
235,141.9082125603865,50.77
236,142.51207729468598,50.74
237,143.1159420289855,50.8
238,143.71980676328502,50.84
239,144.32367149758454,50.85
240,144.92753623188406,50.88
241,145.53140096618358,50.84
242,146.1352657004831,50.81
243,146.73913043478262,50.9
244,147.34299516908214,50.85
245,147.94685990338164,50.92
246,148.55072463768116,50.92
247,149.15458937198068,50.85
248,149.7584541062802,50.98
249,150.36231884057972,50.97
250,150.96618357487924,50.91
251,151.57004830917876,51.07
252,152.17391304347825,51.05
253,152.77777777777777,51.01
254,153.3816425120773,51.02
255,153.9855072463768,51.01
256,154.58937198067633,51.09
257,155.19323671497585,51.09
258,155.79710144927537,51.05
259,156.4009661835749,51.12
260,157.00483091787441,51.12
261,157.6086956521739,51.17
262,158.21256038647343,51.12
263,158.81642512077295,51.15
264,159.42028985507247,51.17
265,160.024154589372,51.12
266,160.6280193236715,51.15
267,161.23188405797103,51.16
268,161.83574879227052,51.19
269,162.43961352657004,51.13
270,163.04347826086956,51.14
271,163.64734299516908,51.17
272,164.2512077294686,51.2
273,164.85507246376812,51.15
274,165.45893719806764,51.19
275,166.06280193236717,51.19
276,166.66666666666669,51.16
277,167.27053140096618,51.15
278,167.8743961352657,51.19
279,168.47826086956522,51.15
280,169.08212560386474,51.16
281,169.68599033816426,51.23
282,170.28985507246378,51.08
283,170.8937198067633,51.16
284,171.4975845410628,51.15
285,172.1014492753623,51.16
286,172.70531400966183,51.16
287,173.30917874396135,51.08
288,173.91304347826087,51.16
289,174.5169082125604,51.12
290,175.12077294685992,51.15
291,175.72463768115944,51.1
292,176.32850241545896,51.14
293,176.93236714975845,51.1
294,177.53623188405797,51.12
295,178.1400966183575,51.09
296,178.743961352657,51.05
297,179.34782608695653,51.03
298,179.95169082125605,51.07
299,180.55555555555557,51.01
300,181.15942028985506,51.01
301,181.76328502415458,51.0
302,182.3671497584541,51.01
303,182.97101449275362,51.0
304,183.57487922705315,51.0
305,184.17874396135267,50.94
306,184.7826086956522,50.97
307,185.3864734299517,50.91
308,185.99033816425123,50.92
309,186.59420289855072,50.88
310,187.19806763285024,50.9
311,187.80193236714976,50.85
312,188.40579710144928,50.9
313,189.0096618357488,50.88
314,189.61352657004832,50.96
315,190.21739130434784,50.83
316,190.82125603864733,50.88
317,191.42512077294685,50.75
318,192.02898550724638,50.8
319,192.6328502415459,50.79
320,193.23671497584542,50.73
321,193.84057971014494,50.79
322,194.44444444444446,50.7
323,195.04830917874398,50.73
324,195.6521739130435,50.74
325,196.256038647343,50.67
326,196.8599033816425,50.63
327,197.46376811594203,50.66
328,198.06763285024155,50.63
329,198.67149758454107,50.59
330,199.2753623188406,50.55
331,199.8792270531401,50.52
332,200.4830917874396,50.5
333,201.08695652173913,50.52
334,201.69082125603865,50.47
335,202.29468599033817,50.49
336,202.8985507246377,50.47
337,203.5024154589372,50.43
338,204.10628019323673,50.45
339,204.71014492753625,50.36
340,205.31400966183577,50.41
341,205.91787439613526,50.3
342,206.52173913043478,50.31
343,207.1256038647343,50.24
344,207.72946859903382,50.24
345,208.33333333333334,50.29
346,208.93719806763286,50.2
347,209.54106280193238,50.22
348,210.14492753623188,50.12
349,210.7487922705314,50.2
350,211.35265700483092,50.12
351,211.95652173913044,50.07
352,212.56038647342996,50.0
353,213.16425120772948,50.02
354,213.768115942029,50.06
355,214.37198067632852,49.98
356,214.97584541062804,49.98
357,215.57971014492753,49.95
358,216.18357487922705,49.87
359,216.78743961352657,49.88
360,217.3913043478261,49.84
361,217.9951690821256,49.82
362,218.59903381642513,49.79
363,219.20289855072465,49.76
364,219.80676328502415,49.79
365,220.41062801932367,49.8
366,221.0144927536232,49.72
367,221.6183574879227,49.67
368,222.22222222222223,49.66
369,222.82608695652175,49.63
370,223.42995169082127,49.67
371,224.0338164251208,49.55
372,224.6376811594203,49.62
373,225.2415458937198,49.52
374,225.84541062801932,49.47
375,226.44927536231884,49.58
376,227.05314009661836,49.53
377,227.65700483091788,49.42
378,228.2608695652174,49.39
379,228.86473429951693,49.39
380,229.46859903381642,49.42
381,230.07246376811594,49.35
382,230.67632850241546,49.23
383,231.28019323671498,49.27
384,231.8840579710145,49.28
385,232.48792270531402,49.21
386,233.09178743961354,49.26
387,233.69565217391306,49.19
388,234.29951690821258,49.15
389,234.90338164251207,49.17
390,235.5072463768116,49.11
391,236.11111111111111,49.06
392,236.71497584541063,49.09
393,237.31884057971016,49.01
394,237.92270531400968,49.06
395,238.5265700483092,49.04
396,239.1304347826087,49.02
397,239.7342995169082,49.02
398,240.33816425120773,49.01
399,240.94202898550725,48.96
400,241.54589371980677,48.97
401,242.1497584541063,48.94
402,242.7536231884058,48.95
403,243.35748792270533,48.86
404,243.96135265700485,48.91
405,244.56521739130434,48.92
406,245.16908212560386,48.88
407,245.77294685990339,48.78
408,246.3768115942029,48.77
409,246.98067632850243,48.79
410,247.58454106280195,48.77
411,248.18840579710147,48.81
412,248.79227053140096,48.73
413,249.39613526570048,48.69
414,250.0,48.68
415,250.60386473429952,48.64
416,251.20772946859904,48.73
417,251.81159420289856,48.7
418,252.41545893719808,48.69
419,253.0193236714976,48.57
420,253.62318840579712,48.64
421,254.22705314009661,48.56
422,254.83091787439614,48.53
423,255.43478260869566,48.59
424,256.0386473429952,48.53
425,256.64251207729467,48.53
426,257.2463768115942,48.5
427,257.8502415458937,48.53
428,258.45410628019323,48.52
429,259.05797101449275,48.45
430,259.66183574879227,48.41
431,260.2657004830918,48.45
432,260.8695652173913,48.43
433,261.47342995169083,48.41
434,262.07729468599035,48.41
435,262.6811594202899,48.46
436,263.2850241545894,48.39
437,263.8888888888889,48.39
438,264.49275362318843,48.34
439,265.09661835748796,48.37
440,265.7004830917874,48.32
441,266.30434782608694,48.34
442,266.90821256038646,48.36
443,267.512077294686,48.23
444,268.1159420289855,48.28
445,268.719806763285,48.27
446,269.32367149758454,48.28
447,269.92753623188406,48.28
448,270.5314009661836,48.23
449,271.1352657004831,48.21
450,271.7391304347826,48.2
451,272.34299516908214,48.16
452,272.94685990338166,48.16
453,273.5507246376812,48.13
454,274.1545893719807,48.23
455,274.7584541062802,48.14
456,275.36231884057975,48.2
457,275.9661835748792,48.08
458,276.57004830917873,48.16
459,277.17391304347825,48.1
460,277.77777777777777,48.1
461,278.3816425120773,48.07
462,278.9855072463768,48.09
463,279.58937198067633,48.05
464,280.19323671497585,48.05
465,280.7971014492754,47.98
466,281.4009661835749,47.98
467,282.0048309178744,48.08
468,282.60869565217394,47.98
469,283.21256038647346,47.98
470,283.816425120773,48.01
471,284.4202898550725,48.03
472,285.02415458937196,48.02
473,285.6280193236715,48.02
474,286.231884057971,47.98
475,286.8357487922705,47.88
476,287.43961352657004,47.95
477,288.04347826086956,47.85
478,288.6473429951691,47.91
479,289.2512077294686,47.89
480,289.8550724637681,47.85
481,290.45893719806764,47.95
482,291.06280193236717,47.76
483,291.6666666666667,47.78
484,292.2705314009662,47.8
485,292.8743961352657,47.88
486,293.47826086956525,47.88
487,294.08212560386477,47.87
488,294.6859903381643,47.77
489,295.28985507246375,47.77
490,295.8937198067633,47.78
491,296.4975845410628,47.84
492,297.1014492753623,47.83
493,297.70531400966183,47.72
494,298.30917874396135,47.83
495,298.9130434782609,47.7
496,299.5169082125604,47.73
497,300.1207729468599,47.76
498,300.72463768115944,47.72
499,301.32850241545896,47.73
500,301.9323671497585,47.63
501,302.536231884058,47.76
502,303.1400966183575,47.65
503,303.74396135265704,47.7
504,304.3478260869565,47.63
505,304.951690821256,47.66
506,305.55555555555554,47.63
507,306.15942028985506,47.63
508,306.7632850241546,47.7
509,307.3671497584541,47.65
510,307.9710144927536,47.63
511,308.57487922705315,47.57
512,309.17874396135267,47.55
513,309.7826086956522,47.54
514,310.3864734299517,47.6
515,310.9903381642512,47.59
516,311.59420289855075,47.6
517,312.19806763285027,47.59
518,312.8019323671498,47.48
519,313.4057971014493,47.55
520,314.00966183574883,47.59
521,314.6135265700483,47.43
522,315.2173913043478,47.56
523,315.82125603864733,47.45
524,316.42512077294685,47.47
525,317.0289855072464,47.48
526,317.6328502415459,47.49
527,318.2367149758454,47.43
528,318.84057971014494,47.48
529,319.44444444444446,47.37
530,320.048309178744,47.4
531,320.6521739130435,47.48
532,321.256038647343,47.45
533,321.85990338164254,47.41
534,322.46376811594206,47.45
535,323.0676328502416,47.4
536,323.67149758454104,47.47
537,324.27536231884056,47.32
538,324.8792270531401,47.4
539,325.4830917874396,47.45
540,326.0869565217391,47.34
541,326.69082125603865,47.32
542,327.29468599033817,47.29
543,327.8985507246377,47.25
544,328.5024154589372,47.29
545,329.1062801932367,47.3
546,329.71014492753625,47.31
547,330.31400966183577,47.27
548,330.9178743961353,47.31
549,331.5217391304348,47.27
550,332.12560386473433,47.36
551,332.72946859903385,47.24
552,333.33333333333337,47.29
553,333.93719806763283,47.2
554,334.54106280193236,47.2
555,335.1449275362319,47.2
556,335.7487922705314,47.2
557,336.3526570048309,47.25
558,336.95652173913044,47.16
559,337.56038647342996,47.16
560,338.1642512077295,47.2
561,338.768115942029,47.23
562,339.3719806763285,47.16
563,339.97584541062804,47.24
564,340.57971014492756,47.14
565,341.1835748792271,47.14
566,341.7874396135266,47.13
567,342.3913043478261,47.16
568,342.9951690821256,47.22
569,343.5990338164251,47.14
570,344.2028985507246,47.09
571,344.80676328502415,47.11
572,345.41062801932367,47.09
573,346.0144927536232,47.09
574,346.6183574879227,47.04
575,347.22222222222223,47.05
576,347.82608695652175,47.09
577,348.42995169082127,47.07
578,349.0338164251208,47.04
579,349.6376811594203,47.06
580,350.24154589371983,47.0
581,350.84541062801935,47.05
582,351.4492753623189,47.02
583,352.0531400966184,46.98
584,352.6570048309179,47.02
585,353.2608695652174,46.93
586,353.8647342995169,46.95
587,354.4685990338164,46.94
588,355.07246376811594,46.91
589,355.67632850241546,46.95
590,356.280193236715,46.95
591,356.8840579710145,46.93
592,357.487922705314,46.91
593,358.09178743961354,46.93
594,358.69565217391306,46.89
595,359.2995169082126,46.84
596,359.9033816425121,46.93
597,360.5072463768116,46.86
598,361.11111111111114,46.79
599,361.71497584541066,46.88
600,362.3188405797101,46.82
601,362.92270531400965,46.91
602,363.52657004830917,46.81
603,364.1304347826087,46.89
604,364.7342995169082,46.81
605,365.33816425120773,46.76
606,365.94202898550725,46.8
607,366.54589371980677,46.8
608,367.1497584541063,46.76
609,367.7536231884058,46.86
610,368.35748792270533,46.84
611,368.96135265700485,46.73
612,369.5652173913044,46.73
613,370.1690821256039,46.79
614,370.7729468599034,46.73
615,371.37681159420293,46.72
616,371.98067632850245,46.76
617,372.5845410628019,46.73
618,373.18840579710144,46.73
619,373.79227053140096,46.69
620,374.3961352657005,46.74
621,375.0,46.72
622,375.6038647342995,46.7
623,376.20772946859904,46.72
624,376.81159420289856,46.74
625,377.4154589371981,46.67
626,378.0193236714976,46.59
627,378.6231884057971,46.63
628,379.22705314009664,46.69
629,379.83091787439616,46.69
630,380.4347826086957,46.69
631,381.0386473429952,46.63
632,381.64251207729467,46.6
633,382.2463768115942,46.66
634,382.8502415458937,46.6
635,383.45410628019323,46.6
636,384.05797101449275,46.59
637,384.66183574879227,46.66
638,385.2657004830918,46.67
639,385.8695652173913,46.63
640,386.47342995169083,46.63
641,387.07729468599035,46.53
642,387.6811594202899,46.4
643,388.2850241545894,46.2
644,388.8888888888889,46.27
645,389.49275362318843,46.2
646,390.09661835748796,46.27
647,390.7004830917875,46.27
648,391.304347826087,46.29
649,391.90821256038646,46.18
650,392.512077294686,46.17
651,393.1159420289855,46.23
652,393.719806763285,46.27
653,394.32367149758454,46.16
654,394.92753623188406,46.17
655,395.5314009661836,46.11
656,396.1352657004831,46.13
657,396.7391304347826,46.11
658,397.34299516908214,46.17
659,397.94685990338166,46.13
660,398.5507246376812,46.13
661,399.1545893719807,46.09
662,399.7584541062802,46.04
663,400.36231884057975,46.1
664,400.9661835748792,46.05
665,401.57004830917873,46.1
666,402.17391304347825,46.02
667,402.77777777777777,45.98
668,403.3816425120773,46.02
669,403.9855072463768,46.0
670,404.58937198067633,45.97
671,405.19323671497585,45.97
672,405.7971014492754,45.97
673,406.4009661835749,45.99
674,407.0048309178744,45.88
675,407.60869565217394,45.95
676,408.21256038647346,45.92
677,408.816425120773,45.95
678,409.4202898550725,45.88
679,410.024154589372,45.9
680,410.62801932367154,45.93
681,411.231884057971,45.88
682,411.8357487922705,45.88
683,412.43961352657004,45.84
684,413.04347826086956,45.78
685,413.6473429951691,45.85
686,414.2512077294686,45.88
687,414.8550724637681,45.8
688,415.45893719806764,45.8
689,416.06280193236717,45.78
690,416.6666666666667,45.67
691,417.2705314009662,45.66
692,417.8743961352657,45.66
693,418.47826086956525,45.82
694,419.08212560386477,45.76
695,419.6859903381643,45.72
696,420.28985507246375,45.77
697,420.8937198067633,45.72
698,421.4975845410628,45.77
699,422.1014492753623,45.69
700,422.70531400966183,45.72
701,423.30917874396135,45.73
702,423.9130434782609,45.69
703,424.5169082125604,45.64
704,425.1207729468599,45.73
705,425.72463768115944,45.74
706,426.32850241545896,45.71
707,426.9323671497585,45.63
708,427.536231884058,45.62
709,428.1400966183575,45.7
710,428.74396135265704,45.66
711,429.34782608695656,45.62
712,429.9516908212561,45.62
713,430.55555555555554,45.63
714,431.15942028985506,45.67
715,431.7632850241546,45.59
716,432.3671497584541,45.6
717,432.9710144927536,45.64
718,433.57487922705315,45.64
719,434.17874396135267,45.6
720,434.7826086956522,45.59
721,435.3864734299517,45.57
722,435.9903381642512,45.64
723,436.59420289855075,45.6
724,437.19806763285027,45.64
725,437.8019323671498,45.64
726,438.4057971014493,45.67
727,439.00966183574883,45.52
728,439.6135265700483,45.66
729,440.2173913043478,45.59
730,440.82125603864733,45.69
731,441.42512077294685,45.65
732,442.0289855072464,45.66
733,442.6328502415459,45.67
734,443.2367149758454,45.6
735,443.84057971014494,45.54
736,444.44444444444446,45.74
737,445.048309178744,45.64
738,445.6521739130435,45.67
739,446.256038647343,45.59
740,446.85990338164254,45.64
741,447.46376811594206,45.69
742,448.0676328502416,45.64
743,448.6714975845411,45.59
744,449.2753623188406,45.62
745,449.8792270531401,45.73
746,450.4830917874396,45.69
747,451.0869565217391,45.62
748,451.69082125603865,45.64
749,452.29468599033817,45.67
750,452.8985507246377,45.7
751,453.5024154589372,45.8
752,454.1062801932367,45.72
753,454.71014492753625,45.8
754,455.31400966183577,45.76
755,455.9178743961353,45.77
756,456.5217391304348,45.72
757,457.12560386473433,45.78
758,457.72946859903385,45.8
759,458.33333333333337,45.81
760,458.93719806763283,45.8
761,459.54106280193236,45.71
762,460.1449275362319,45.82
763,460.7487922705314,45.82
764,461.3526570048309,45.81
765,461.95652173913044,45.86
766,462.56038647342996,45.86
767,463.1642512077295,45.84
768,463.768115942029,45.88
769,464.3719806763285,45.88
770,464.97584541062804,45.8
771,465.57971014492756,45.9
772,466.1835748792271,45.86
773,466.7874396135266,45.91
774,467.3913043478261,45.91
775,467.99516908212564,45.93
776,468.59903381642516,45.98
777,469.2028985507246,45.93
778,469.80676328502415,45.98
779,470.41062801932367,45.98
780,471.0144927536232,45.91
781,471.6183574879227,45.95
782,472.22222222222223,45.98
783,472.82608695652175,45.99
784,473.42995169082127,46.02
785,474.0338164251208,46.06
786,474.6376811594203,46.04
787,475.24154589371983,46.02
788,475.84541062801935,46.1
789,476.4492753623189,46.13
790,477.0531400966184,46.15
791,477.6570048309179,46.22
792,478.2608695652174,46.08
793,478.8647342995169,46.13
794,479.4685990338164,46.18
795,480.07246376811594,46.2
796,480.67632850241546,46.23
797,481.280193236715,46.18
798,481.8840579710145,46.28
799,482.487922705314,46.28
800,483.09178743961354,46.2
801,483.69565217391306,46.26
802,484.2995169082126,46.27
803,484.9033816425121,46.3
804,485.5072463768116,46.38
805,486.11111111111114,46.33
806,486.71497584541066,46.41
807,487.3188405797102,46.4
808,487.9227053140097,46.35
809,488.52657004830917,46.42
810,489.1304347826087,46.41
811,489.7342995169082,46.43
812,490.33816425120773,46.52
813,490.94202898550725,46.53
814,491.54589371980677,46.51
815,492.1497584541063,46.55
816,492.7536231884058,46.58
817,493.35748792270533,46.55
818,493.96135265700485,46.53
819,494.5652173913044,46.63
820,495.1690821256039,46.54
821,495.7729468599034,46.61
822,496.37681159420293,46.65
823,496.98067632850245,46.61
824,497.5845410628019,46.69
825,498.18840579710144,46.66
826,498.79227053140096,46.63
827,499.3961352657005,46.63
828,500.0,46.66
829,500.6038647342995,46.74
830,501.20772946859904,46.71
831,501.81159420289856,46.71
832,502.4154589371981,46.73
833,503.0193236714976,46.71
834,503.6231884057971,46.72
835,504.22705314009664,46.77
836,504.83091787439616,46.84
837,505.4347826086957,46.86
838,506.0386473429952,46.91
839,506.6425120772947,46.84
840,507.24637681159425,46.87
841,507.8502415458937,46.84
842,508.45410628019323,46.84
843,509.05797101449275,46.94
844,509.66183574879227,46.91
845,510.2657004830918,46.91
846,510.8695652173913,46.94
847,511.47342995169083,46.88
848,512.0772946859904,46.95
849,512.6811594202899,47.02
850,513.2850241545893,47.04
851,513.8888888888889,46.99
852,514.4927536231884,47.02
853,515.096618357488,47.07
854,515.7004830917874,47.11
855,516.304347826087,47.05
856,516.9082125603865,47.07
857,517.512077294686,47.07
858,518.1159420289855,47.02
859,518.7198067632851,47.04
860,519.3236714975845,47.09
861,519.9275362318841,47.09
862,520.5314009661836,47.09
863,521.1352657004832,47.14
864,521.7391304347826,47.12
865,522.3429951690821,47.14
866,522.9468599033817,47.24
867,523.5507246376811,47.23
868,524.1545893719807,47.18
869,524.7584541062802,47.23
870,525.3623188405797,47.22
871,525.9661835748792,47.27
872,526.5700483091788,47.27
873,527.1739130434783,47.18
874,527.7777777777778,47.27
875,528.3816425120773,47.34
876,528.9855072463769,47.27
877,529.5893719806763,47.34
878,530.1932367149759,47.2
879,530.7971014492754,47.32
880,531.4009661835748,47.3
881,532.0048309178744,47.32
882,532.6086956521739,47.36
883,533.2125603864735,47.32
884,533.8164251207729,47.34
885,534.4202898550725,47.25
886,535.024154589372,47.37
887,535.6280193236715,47.43
888,536.231884057971,47.38
889,536.8357487922706,47.34
890,537.43961352657,47.38
891,538.0434782608696,47.41
892,538.6473429951691,47.42
893,539.2512077294687,47.41
894,539.8550724637681,47.45
895,540.4589371980677,47.45
896,541.0628019323672,47.43
897,541.6666666666666,47.41
898,542.2705314009662,47.38
899,542.8743961352657,47.45
900,543.4782608695652,47.38
901,544.0821256038647,47.43
902,544.6859903381643,47.43
903,545.2898550724638,47.4
904,545.8937198067633,47.48
905,546.4975845410628,47.43
906,547.1014492753624,47.43
907,547.7053140096618,47.48
908,548.3091787439614,47.5
909,548.9130434782609,47.5
910,549.5169082125605,47.41
911,550.1207729468599,47.41
912,550.7246376811595,47.47
913,551.328502415459,47.45
914,551.9323671497584,47.47
915,552.536231884058,47.45
916,553.1400966183575,47.48
917,553.743961352657,47.41
918,554.3478260869565,47.38
919,554.9516908212561,47.45
920,555.5555555555555,47.36
921,556.1594202898551,47.37
922,556.7632850241546,47.38
923,557.3671497584542,47.41
924,557.9710144927536,47.37
925,558.5748792270532,47.41
926,559.1787439613527,47.49
927,559.7826086956522,47.38
928,560.3864734299517,47.34
929,560.9903381642512,47.43
930,561.5942028985507,47.37
931,562.1980676328502,47.38
932,562.8019323671498,47.42
933,563.4057971014493,47.38
934,564.0096618357488,47.37
935,564.6135265700483,47.37
936,565.2173913043479,47.37
937,565.8212560386473,47.42
938,566.4251207729469,47.36
939,567.0289855072464,47.37
940,567.632850241546,47.42
941,568.2367149758454,47.42
942,568.840579710145,47.41
943,569.4444444444445,47.41
944,570.0483091787439,47.34
945,570.6521739130435,47.41
946,571.256038647343,47.4
947,571.8599033816425,47.43
948,572.463768115942,47.43
949,573.0676328502416,47.34
950,573.671497584541,47.36
951,574.2753623188406,47.37
952,574.8792270531401,47.37
953,575.4830917874397,47.37
954,576.0869565217391,47.38
955,576.6908212560387,47.42
956,577.2946859903382,47.34
957,577.8985507246377,47.29
958,578.5024154589372,47.34
959,579.1062801932368,47.37
960,579.7101449275362,47.36
961,580.3140096618357,47.32
962,580.9178743961353,47.32
963,581.5217391304348,47.38
964,582.1256038647343,47.36
965,582.7294685990338,47.36
966,583.3333333333334,47.36
967,583.9371980676328,47.34
968,584.5410628019324,47.31
969,585.1449275362319,47.31
970,585.7487922705315,47.36
971,586.3526570048309,47.37
972,586.9565217391305,47.29
973,587.56038647343,47.37
974,588.1642512077295,47.31
975,588.768115942029,47.31
976,589.3719806763286,47.3
977,589.975845410628,47.27
978,590.5797101449275,47.32
979,591.1835748792271,47.31
980,591.7874396135265,47.32
981,592.3913043478261,47.36
982,592.9951690821256,47.3
983,593.5990338164252,47.29
984,594.2028985507246,47.31
985,594.8067632850242,47.27
986,595.4106280193237,47.31
987,596.0144927536232,47.27
988,596.6183574879227,47.24
989,597.2222222222223,47.27
990,597.8260869565217,47.24
991,598.4299516908213,47.25
992,599.0338164251208,47.27
993,599.6376811594203,47.31
994,600.2415458937198,47.25
995,600.8454106280193,47.22
996,601.4492753623189,47.22
997,602.0531400966183,47.27
998,602.6570048309179,47.3
999,603.2608695652174,47.29
1000,603.864734299517,47.2
1001,604.4685990338164,47.24
1002,605.072463768116,47.2
1003,605.6763285024155,47.27
1004,606.280193236715,47.22
1005,606.8840579710145,47.24
1006,607.4879227053141,47.25
1007,608.0917874396135,47.24
1008,608.695652173913,47.16
1009,609.2995169082126,47.18
1010,609.903381642512,47.2
1011,610.5072463768116,47.22
1012,611.1111111111111,47.2
1013,611.7149758454107,47.18
1014,612.3188405797101,47.2
1015,612.9227053140097,47.16
1016,613.5265700483092,47.16
1017,614.1304347826087,47.12
1018,614.7342995169082,47.18
1019,615.3381642512078,47.24
1020,615.9420289855072,47.14
1021,616.5458937198068,47.16
1022,617.1497584541063,47.13
1023,617.7536231884059,47.13
1024,618.3574879227053,47.13
1025,618.9613526570048,47.2
1026,619.5652173913044,47.18
1027,620.1690821256038,47.11
1028,620.7729468599034,47.11
1029,621.3768115942029,47.16
1030,621.9806763285025,47.14
1031,622.5845410628019,47.14
1032,623.1884057971015,47.09
1033,623.792270531401,47.14
1034,624.3961352657005,47.09
1035,625.0,47.12
1036,625.6038647342996,47.09
1037,626.207729468599,47.13
1038,626.8115942028986,47.05
1039,627.4154589371981,47.12
1040,628.0193236714977,47.16
1041,628.6231884057971,47.07
1042,629.2270531400966,47.02
1043,629.8309178743962,47.05
1044,630.4347826086956,47.06
1045,631.0386473429952,47.06
1046,631.6425120772947,47.07
1047,632.2463768115942,47.07
1048,632.8502415458937,47.16
1049,633.4541062801933,47.05
1050,634.0579710144928,47.12
1051,634.6618357487923,47.02
1052,635.2657004830918,47.13
1053,635.8695652173914,47.02
1054,636.4734299516908,47.06
1055,637.0772946859904,47.02
1056,637.6811594202899,47.02
1057,638.2850241545893,47.02
1058,638.8888888888889,47.02
1059,639.4927536231884,47.05
1060,640.096618357488,46.95
1061,640.7004830917874,47.0
1062,641.304347826087,47.0
1063,641.9082125603865,46.98
1064,642.512077294686,46.95
1065,643.1159420289855,47.02
1066,643.7198067632851,46.99
1067,644.3236714975845,46.91
1068,644.9275362318841,46.96
1069,645.5314009661836,47.02
1070,646.1352657004832,46.93
1071,646.7391304347826,46.91
1072,647.3429951690821,46.98
1073,647.9468599033817,47.02
1074,648.5507246376811,46.96
1075,649.1545893719807,46.93
1076,649.7584541062802,46.95
1077,650.3623188405797,46.95
1078,650.9661835748792,46.88
1079,651.5700483091788,46.86
1080,652.1739130434783,46.99
1081,652.7777777777778,46.91
1082,653.3816425120773,46.91
1083,653.9855072463769,46.89
1084,654.5893719806763,46.89
1085,655.1932367149759,46.87
1086,655.7971014492754,46.87
1087,656.400966183575,46.88
1088,657.0048309178744,46.84
1089,657.6086956521739,46.93
1090,658.2125603864735,46.84
1091,658.8164251207729,46.89
1092,659.4202898550725,46.96
1093,660.024154589372,46.89
1094,660.6280193236715,46.91
1095,661.231884057971,46.86
1096,661.8357487922706,46.88
1097,662.43961352657,46.82
1098,663.0434782608696,46.84
1099,663.6473429951691,46.82
1100,664.2512077294687,46.86
1101,664.8550724637681,46.88
1102,665.4589371980677,46.84
1103,666.0628019323672,46.81
1104,666.6666666666667,46.84
1105,667.2705314009662,46.84
1106,667.8743961352657,46.89
1107,668.4782608695652,46.84
1108,669.0821256038647,46.8
1109,669.6859903381643,46.8
1110,670.2898550724638,46.87
1111,670.8937198067633,46.77
1112,671.4975845410628,46.82
1113,672.1014492753624,46.84
1114,672.7053140096618,46.84
1115,673.3091787439614,46.76
1116,673.9130434782609,46.82
1117,674.5169082125605,46.73
1118,675.1207729468599,46.76
1119,675.7246376811595,46.84
1120,676.328502415459,46.81
1121,676.9323671497584,46.74
1122,677.536231884058,46.79
1123,678.1400966183575,46.77
1124,678.743961352657,46.8
1125,679.3478260869565,46.77
1126,679.9516908212561,46.74
1127,680.5555555555555,46.77
1128,681.1594202898551,46.66
1129,681.7632850241546,46.71
1130,682.3671497584542,46.72
1131,682.9710144927536,46.74
1132,683.5748792270532,46.76
1133,684.1787439613527,46.72
1134,684.7826086956522,46.73
1135,685.3864734299517,46.74
1136,685.9903381642512,46.74
1137,686.5942028985507,46.76
1138,687.1980676328502,46.72
1139,687.8019323671498,46.81
1140,688.4057971014493,46.84
1141,689.0096618357488,46.73
1142,689.6135265700483,46.76
1143,690.2173913043479,46.81
1144,690.8212560386473,46.8
1145,691.4251207729469,46.73
1146,692.0289855072464,46.76
1147,692.632850241546,46.76
1148,693.2367149758454,46.7
1149,693.840579710145,46.74
1150,694.4444444444445,46.76
1151,695.048309178744,46.74
1152,695.6521739130435,46.84
1153,696.256038647343,46.71
1154,696.8599033816425,46.76
1155,697.463768115942,46.79
1156,698.0676328502416,46.71
1157,698.671497584541,46.82
1158,699.2753623188406,46.74
1159,699.8792270531401,46.86
1160,700.4830917874397,46.8
1161,701.0869565217391,46.76
1162,701.6908212560387,46.84
1163,702.2946859903382,46.86
1164,702.8985507246377,46.86
1165,703.5024154589372,46.86
1166,704.1062801932368,46.77
1167,704.7101449275362,46.84
1168,705.3140096618358,46.82
1169,705.9178743961353,46.76
1170,706.5217391304348,46.82
1171,707.1256038647343,46.82
1172,707.7294685990338,46.84
1173,708.3333333333334,46.74
1174,708.9371980676328,46.81
1175,709.5410628019324,46.94
1176,710.1449275362319,46.84
1177,710.7487922705315,46.91
1178,711.3526570048309,46.94
1179,711.9565217391305,46.88
1180,712.56038647343,46.94
1181,713.1642512077295,46.88
1182,713.768115942029,46.91
1183,714.3719806763286,46.91
1184,714.975845410628,46.84
1185,715.5797101449275,46.93
1186,716.1835748792271,46.95
1187,716.7874396135265,46.93
1188,717.3913043478261,46.94
1189,717.9951690821256,46.93
1190,718.5990338164252,46.91
1191,719.2028985507246,46.94
1192,719.8067632850242,46.94
1193,720.4106280193237,46.94
1194,721.0144927536232,46.95
1195,721.6183574879227,46.89
1196,722.2222222222223,47.0
1197,722.8260869565217,46.91
1198,723.4299516908213,46.99
1199,724.0338164251208,46.98
1200,724.6376811594203,46.99
1201,725.2415458937198,46.94
1202,725.8454106280193,46.93
1203,726.4492753623189,47.02
1204,727.0531400966183,46.98
1205,727.6570048309179,46.99
1206,728.2608695652174,46.99
1207,728.864734299517,47.04
1208,729.4685990338164,46.98
1209,730.072463768116,47.0
1210,730.6763285024155,47.02
1211,731.280193236715,47.0
1212,731.8840579710145,47.02
1213,732.4879227053141,47.06
1214,733.0917874396135,47.02
1215,733.6956521739131,47.0
1216,734.2995169082126,47.04
1217,734.903381642512,47.04
1218,735.5072463768116,47.02
1219,736.1111111111111,47.02
1220,736.7149758454107,47.02
1221,737.3188405797101,47.05
1222,737.9227053140097,46.99
1223,738.5265700483092,47.04
1224,739.1304347826087,47.07
1225,739.7342995169082,47.05
1226,740.3381642512078,47.02
1227,740.9420289855072,47.0
1228,741.5458937198068,47.05
1229,742.1497584541063,47.02
1230,742.7536231884059,47.07
1231,743.3574879227053,46.98
1232,743.9613526570049,47.02
1233,744.5652173913044,47.07
1234,745.1690821256038,47.09
1235,745.7729468599034,47.0
1236,746.3768115942029,47.04
1237,746.9806763285025,47.09
1238,747.5845410628019,47.16
1239,748.1884057971015,47.05
1240,748.792270531401,47.0
1241,749.3961352657005,47.02
1242,750.0,47.05
1243,750.6038647342996,47.0
1244,751.207729468599,47.02
1245,751.8115942028986,47.04
1246,752.4154589371981,47.07
1247,753.0193236714977,47.05
1248,753.6231884057971,47.02
1249,754.2270531400966,47.02
1250,754.8309178743962,47.05
1251,755.4347826086956,47.0
1252,756.0386473429952,47.07
1253,756.6425120772947,47.04
1254,757.2463768115942,47.11
1255,757.8502415458937,47.04
1256,758.4541062801933,47.04
1257,759.0579710144928,47.04
1258,759.6618357487923,47.02
1259,760.2657004830918,47.06
1260,760.8695652173914,47.09
1261,761.4734299516908,47.06
1262,762.0772946859904,47.0
1263,762.6811594202899,47.06
1264,763.2850241545893,47.09
1265,763.8888888888889,47.07
1266,764.4927536231884,47.18
1267,765.096618357488,47.12
1268,765.7004830917874,47.09
1269,766.304347826087,47.07
1270,766.9082125603865,47.09
1271,767.512077294686,47.13
1272,768.1159420289855,47.09
1273,768.7198067632851,47.09
1274,769.3236714975845,47.09
1275,769.9275362318841,47.12
1276,770.5314009661836,47.05
1277,771.1352657004832,47.14
1278,771.7391304347826,47.16
1279,772.3429951690822,47.09
1280,772.9468599033817,47.09
1281,773.5507246376811,47.11
1282,774.1545893719807,47.11
1283,774.7584541062802,47.13
1284,775.3623188405797,47.12
1285,775.9661835748792,47.25
1286,776.5700483091788,47.13
1287,777.1739130434783,47.16
1288,777.7777777777778,47.09
1289,778.3816425120773,47.16
1290,778.9855072463769,47.14
1291,779.5893719806763,47.16
1292,780.1932367149759,47.2
1293,780.7971014492754,47.16
1294,781.400966183575,47.22
1295,782.0048309178744,47.18
1296,782.608695652174,47.2
1297,783.2125603864735,47.13
1298,783.8164251207729,47.24
1299,784.4202898550725,47.24
1300,785.024154589372,47.2
1301,785.6280193236715,47.13
1302,786.231884057971,47.18
1303,786.8357487922706,47.24
1304,787.43961352657,47.25
1305,788.0434782608696,47.16
1306,788.6473429951691,47.09
1307,789.2512077294687,47.18
1308,789.8550724637681,47.22
1309,790.4589371980677,47.16
1310,791.0628019323672,47.2
1311,791.6666666666667,47.18
1312,792.2705314009662,47.2
1313,792.8743961352657,47.2
1314,793.4782608695652,47.13
1315,794.0821256038647,47.13
1316,794.6859903381643,47.16
1317,795.2898550724638,47.13
1318,795.8937198067633,47.23
1319,796.4975845410628,47.2
1320,797.1014492753624,47.18
1321,797.7053140096618,47.2
1322,798.3091787439614,47.18
1323,798.9130434782609,47.18
1324,799.5169082125605,47.27
1325,800.1207729468599,47.16
1326,800.7246376811595,47.2
1327,801.328502415459,47.16
1328,801.9323671497584,47.24
1329,802.536231884058,47.14
1330,803.1400966183575,47.11
1331,803.743961352657,47.22
1332,804.3478260869565,47.2
1333,804.9516908212561,47.16
1334,805.5555555555555,47.16
1335,806.1594202898551,47.2
1336,806.7632850241546,47.24
1337,807.3671497584542,47.23
1338,807.9710144927536,47.14
1339,808.5748792270532,47.2
1340,809.1787439613527,47.07
1341,809.7826086956522,47.2
1342,810.3864734299517,47.23
1343,810.9903381642513,47.16
1344,811.5942028985507,47.16
1345,812.1980676328502,47.2
1346,812.8019323671498,47.16
1347,813.4057971014493,47.16
1348,814.0096618357488,47.2
1349,814.6135265700483,47.2
1350,815.2173913043479,47.13
1351,815.8212560386473,47.14
1352,816.4251207729469,47.2
1353,817.0289855072464,47.22
1354,817.632850241546,47.14
1355,818.2367149758454,47.2
1356,818.840579710145,47.24
1357,819.4444444444445,47.22
1358,820.048309178744,47.13
1359,820.6521739130435,47.16
1360,821.2560386473431,47.2
1361,821.8599033816425,47.18
1362,822.463768115942,47.18
1363,823.0676328502416,47.14
1364,823.671497584541,47.27
1365,824.2753623188406,47.27
1366,824.8792270531401,47.18
1367,825.4830917874397,47.16
1368,826.0869565217391,47.2
1369,826.6908212560387,47.2
1370,827.2946859903382,47.25
1371,827.8985507246377,47.16
1372,828.5024154589372,47.23
1373,829.1062801932368,47.16
1374,829.7101449275362,47.25
1375,830.3140096618358,47.16
1376,830.9178743961353,47.23
1377,831.5217391304348,47.25
1378,832.1256038647343,47.2
1379,832.7294685990338,47.23
1380,833.3333333333334,47.2
1381,833.9371980676328,47.3
1382,834.5410628019324,47.31
1383,835.1449275362319,47.18
1384,835.7487922705315,47.2
1385,836.3526570048309,47.13
1386,836.9565217391305,47.16
1387,837.56038647343,47.27
1388,838.1642512077295,47.2
1389,838.768115942029,47.24
1390,839.3719806763286,47.29
1391,839.975845410628,47.2
1392,840.5797101449275,47.27
1393,841.1835748792271,47.3
1394,841.7874396135265,47.18
1395,842.3913043478261,47.25
1396,842.9951690821256,47.29
1397,843.5990338164252,47.23
1398,844.2028985507246,47.27
1399,844.8067632850242,47.23
1400,845.4106280193237,47.16
1401,846.0144927536232,47.24
1402,846.6183574879227,47.25
1403,847.2222222222223,47.29
1404,847.8260869565217,47.2
1405,848.4299516908213,47.2
1406,849.0338164251208,47.24
1407,849.6376811594204,47.18
1408,850.2415458937198,47.23
1409,850.8454106280193,47.24
1410,851.4492753623189,47.18
1411,852.0531400966183,47.23
1412,852.6570048309179,47.18
1413,853.2608695652174,47.14
1414,853.864734299517,47.16
1415,854.4685990338164,47.2
1416,855.072463768116,47.16
1417,855.6763285024155,47.16
1418,856.280193236715,47.22
1419,856.8840579710145,47.27
1420,857.4879227053141,47.2
1421,858.0917874396135,47.16
1422,858.6956521739131,47.13
1423,859.2995169082126,47.16
1424,859.9033816425122,47.13
1425,860.5072463768116,47.22
1426,861.1111111111111,47.16
1427,861.7149758454107,47.2
1428,862.3188405797101,47.06
1429,862.9227053140097,47.09
1430,863.5265700483092,47.04
1431,864.1304347826087,47.06
1432,864.7342995169082,47.22
1433,865.3381642512078,47.18
1434,865.9420289855072,47.11
1435,866.5458937198068,47.12
1436,867.1497584541063,47.07
1437,867.7536231884059,47.05
1438,868.3574879227053,47.12
1439,868.9613526570049,47.11
1440,869.5652173913044,47.13
1441,870.1690821256038,47.07
1442,870.7729468599034,47.11
1443,871.3768115942029,47.12
1444,871.9806763285025,47.09
1445,872.5845410628019,47.07
1446,873.1884057971015,47.13
1447,873.792270531401,47.07
1448,874.3961352657005,47.02
1449,875.0,47.07
1450,875.6038647342996,47.11
1451,876.207729468599,47.07
1452,876.8115942028986,47.07
1453,877.4154589371981,47.11
1454,878.0193236714977,47.09
1455,878.6231884057971,47.02
1456,879.2270531400966,47.09
1457,879.8309178743962,47.09
1458,880.4347826086956,47.04
1459,881.0386473429952,47.11
1460,881.6425120772947,47.13
1461,882.2463768115942,47.12
1462,882.8502415458937,47.16
1463,883.4541062801933,47.12
1464,884.0579710144928,47.09
1465,884.6618357487923,47.11
1466,885.2657004830918,47.13
1467,885.8695652173914,47.09
1468,886.4734299516908,47.09
1469,887.0772946859904,47.16
1470,887.6811594202899,47.12
1471,888.2850241545895,47.07
1472,888.8888888888889,47.09
1473,889.4927536231884,47.16
1474,890.096618357488,47.09
1475,890.7004830917874,47.07
1476,891.304347826087,47.11
1477,891.9082125603865,47.14
1478,892.512077294686,47.09
1479,893.1159420289855,47.07
1480,893.7198067632851,47.06
1481,894.3236714975845,47.09
1482,894.9275362318841,47.09
1483,895.5314009661836,47.07
1484,896.1352657004832,47.12
1485,896.7391304347826,47.09
1486,897.3429951690822,47.05
1487,897.9468599033817,47.13
1488,898.5507246376812,47.09
1489,899.1545893719807,47.09
1490,899.7584541062802,47.02
1491,900.3623188405797,47.0
1492,900.9661835748792,47.02
1493,901.5700483091788,47.06
1494,902.1739130434783,47.04
1495,902.7777777777778,47.09
1496,903.3816425120773,47.05
1497,903.9855072463769,47.02
1498,904.5893719806763,47.07
1499,905.1932367149759,47.09
1500,905.7971014492754,47.12
1501,906.400966183575,47.04
1502,907.0048309178744,47.04
1503,907.608695652174,46.99
1504,908.2125603864735,47.06
1505,908.8164251207729,47.06
1506,909.4202898550725,47.09
1507,910.024154589372,47.06
1508,910.6280193236715,47.02
1509,911.231884057971,47.04
1510,911.8357487922706,47.05
1511,912.43961352657,47.02
1512,913.0434782608696,47.06
1513,913.6473429951691,46.98
1514,914.2512077294687,47.06
1515,914.8550724637681,47.02
1516,915.4589371980677,47.09
1517,916.0628019323672,47.04
1518,916.6666666666667,46.96
1519,917.2705314009662,47.05
1520,917.8743961352657,46.99
1521,918.4782608695652,47.0
1522,919.0821256038647,47.0
1523,919.6859903381643,47.02
1524,920.2898550724638,47.02
1525,920.8937198067633,47.0
1526,921.4975845410628,46.98
1527,922.1014492753624,46.98
1528,922.7053140096618,46.95
1529,923.3091787439614,46.93
1530,923.9130434782609,47.02
1531,924.5169082125605,47.0
1532,925.1207729468599,47.09
1533,925.7246376811595,47.05
1534,926.328502415459,46.96
1535,926.9323671497585,47.05
1536,927.536231884058,46.99
1537,928.1400966183575,47.02
1538,928.743961352657,47.0
1539,929.3478260869565,46.95
1540,929.9516908212561,46.93
1541,930.5555555555555,46.96
1542,931.1594202898551,46.98
1543,931.7632850241546,46.99
1544,932.3671497584542,47.02
1545,932.9710144927536,46.99
1546,933.5748792270532,46.95
1547,934.1787439613527,46.98
1548,934.7826086956522,46.94
1549,935.3864734299517,47.02
1550,935.9903381642513,47.04
1551,936.5942028985507,47.02
1552,937.1980676328503,46.96
1553,937.8019323671498,46.95
1554,938.4057971014493,46.99
1555,939.0096618357488,47.05
1556,939.6135265700483,46.91
1557,940.2173913043479,46.95
1558,940.8212560386473,46.98
1559,941.4251207729469,46.98
1560,942.0289855072464,46.96
1561,942.632850241546,47.04
1562,943.2367149758454,47.04
1563,943.840579710145,46.95
1564,944.4444444444445,46.98
1565,945.048309178744,46.91
1566,945.6521739130435,46.93
1567,946.2560386473431,46.95
1568,946.8599033816425,47.0
1569,947.463768115942,46.98
1570,948.0676328502416,46.98
1571,948.671497584541,47.02
1572,949.2753623188406,46.91
1573,949.8792270531401,46.94
1574,950.4830917874397,46.98
1575,951.0869565217391,46.91
1576,951.6908212560387,46.91
1577,952.2946859903382,46.96
1578,952.8985507246377,46.94
1579,953.5024154589372,46.96
1580,954.1062801932368,47.0
1581,954.7101449275362,46.91
1582,955.3140096618358,46.91
1583,955.9178743961353,46.94
1584,956.5217391304348,47.0
1585,957.1256038647343,47.0
1586,957.7294685990338,46.96
1587,958.3333333333334,46.91
1588,958.9371980676328,47.0
1589,959.5410628019324,47.0
1590,960.1449275362319,46.96
1591,960.7487922705315,46.98
1592,961.3526570048309,46.98
1593,961.9565217391305,46.96
1594,962.56038647343,46.95
1595,963.1642512077295,46.99
1596,963.768115942029,46.91
1597,964.3719806763286,46.93
1598,964.975845410628,46.93
1599,965.5797101449276,46.94
1600,966.1835748792271,46.94
1601,966.7874396135265,46.98
1602,967.3913043478261,46.96
1603,967.9951690821256,46.91
1604,968.5990338164252,46.99
1605,969.2028985507246,46.99
1606,969.8067632850242,46.99
1607,970.4106280193237,46.94
1608,971.0144927536232,46.96
1609,971.6183574879227,46.95
1610,972.2222222222223,46.96
1611,972.8260869565217,46.94
1612,973.4299516908213,46.98
1613,974.0338164251208,46.88
1614,974.6376811594204,47.02
1615,975.2415458937198,46.98
1616,975.8454106280194,46.96
1617,976.4492753623189,47.02
1618,977.0531400966183,46.96
1619,977.6570048309179,46.96
1620,978.2608695652174,46.93
1621,978.864734299517,46.96
1622,979.4685990338164,46.98
1623,980.072463768116,46.98
1624,980.6763285024155,46.94
1625,981.280193236715,46.94
1626,981.8840579710145,46.91
1627,982.4879227053141,46.96
1628,983.0917874396135,46.99
1629,983.6956521739131,47.05
1630,984.2995169082126,46.94
1631,984.9033816425122,47.0
1632,985.5072463768116,47.02
1633,986.1111111111111,47.0
1634,986.7149758454107,47.02
1635,987.3188405797101,46.96
1636,987.9227053140097,47.02
1637,988.5265700483092,46.98
1638,989.1304347826087,47.0
1639,989.7342995169082,46.99
1640,990.3381642512078,47.05
1641,990.9420289855072,46.98
1642,991.5458937198068,46.96
1643,992.1497584541063,46.93
1644,992.7536231884059,46.96
1645,993.3574879227053,47.02
1646,993.9613526570049,47.02
1647,994.5652173913044,46.99
1648,995.1690821256038,46.91
1649,995.7729468599034,46.99
1650,996.3768115942029,47.02
1651,996.9806763285025,47.02
1652,997.5845410628019,46.96
1653,998.1884057971015,46.96
1654,998.792270531401,47.02
1655,999.3961352657005,46.93
1656,1000.0,47.0
1657,1000.6038647342996,46.94
1658,1001.207729468599,47.02
1659,1001.8115942028986,47.02
1660,1002.4154589371981,47.02
1661,1003.0193236714977,46.95
1662,1003.6231884057971,47.0
1663,1004.2270531400967,46.96
1664,1004.8309178743962,47.0
1665,1005.4347826086956,46.95
1666,1006.0386473429952,46.98
1667,1006.6425120772947,47.02
1668,1007.2463768115942,46.94
1669,1007.8502415458937,46.93
1670,1008.4541062801933,47.02
1671,1009.0579710144928,46.96
1672,1009.6618357487923,46.96
1673,1010.2657004830918,46.95
1674,1010.8695652173914,46.96
1675,1011.4734299516908,46.95
1676,1012.0772946859904,46.96
1677,1012.6811594202899,46.88
1678,1013.2850241545895,46.94
1679,1013.8888888888889,46.94
1680,1014.4927536231885,46.89
1681,1015.096618357488,46.96
1682,1015.7004830917874,46.96
1683,1016.304347826087,47.0
1684,1016.9082125603865,46.93
1685,1017.512077294686,46.89
1686,1018.1159420289855,46.99
1687,1018.7198067632851,46.94
1688,1019.3236714975845,46.94
1689,1019.9275362318841,46.95
1690,1020.5314009661836,46.94
1691,1021.1352657004832,46.93
1692,1021.7391304347826,46.95
1693,1022.3429951690822,46.99
1694,1022.9468599033817,46.99
1695,1023.5507246376812,47.02
1696,1024.1545893719808,47.0
1697,1024.7584541062802,47.0
1698,1025.3623188405797,46.95
1699,1025.9661835748793,46.94
1700,1026.5700483091787,47.02
1701,1027.1739130434783,46.99
1702,1027.7777777777778,46.98
1703,1028.3816425120774,46.99
1704,1028.9855072463768,46.99
1705,1029.5893719806763,46.96
1706,1030.193236714976,46.99
1707,1030.7971014492755,47.04
1708,1031.4009661835748,47.06
1709,1032.0048309178744,46.95
1710,1032.608695652174,46.95
1711,1033.2125603864736,47.02
1712,1033.816425120773,46.96
1713,1034.4202898550725,46.96
1714,1035.024154589372,46.98
1715,1035.6280193236714,46.99
1716,1036.231884057971,47.02
1717,1036.8357487922706,47.07
1718,1037.4396135265702,47.04
1719,1038.0434782608695,47.05
1720,1038.647342995169,47.02
1721,1039.2512077294687,47.11
1722,1039.8550724637682,46.99
1723,1040.4589371980676,47.02
1724,1041.0628019323672,47.07
1725,1041.6666666666667,47.06
1726,1042.2705314009663,47.06
1727,1042.8743961352657,47.07
1728,1043.4782608695652,47.09
1729,1044.0821256038648,47.02
1730,1044.6859903381642,47.07
1731,1045.2898550724638,47.06
1732,1045.8937198067633,47.04
1733,1046.497584541063,47.05
1734,1047.1014492753623,46.98
1735,1047.7053140096618,47.07
1736,1048.3091787439614,47.06
1737,1048.913043478261,47.02
1738,1049.5169082125603,47.09
1739,1050.12077294686,47.11
1740,1050.7246376811595,46.99
1741,1051.328502415459,47.05
1742,1051.9323671497584,47.06
1743,1052.536231884058,47.06
1744,1053.1400966183576,47.07
1745,1053.743961352657,47.02
1746,1054.3478260869565,47.02
1747,1054.951690821256,47.14
1748,1055.5555555555557,47.0
1749,1056.159420289855,47.07
1750,1056.7632850241546,47.0
1751,1057.3671497584542,47.02
1752,1057.9710144927537,47.05
1753,1058.574879227053,47.09
1754,1059.1787439613527,47.06
1755,1059.7826086956522,47.02
1756,1060.3864734299518,47.02
1757,1060.9903381642512,47.05
1758,1061.5942028985507,47.06
1759,1062.1980676328503,46.98
1760,1062.8019323671497,46.98
1761,1063.4057971014493,47.07
1762,1064.0096618357488,47.0
1763,1064.6135265700484,46.98
1764,1065.2173913043478,46.99
1765,1065.8212560386473,47.02
1766,1066.425120772947,47.06
1767,1067.0289855072465,47.0
1768,1067.6328502415458,47.02
1769,1068.2367149758454,46.99
1770,1068.840579710145,47.0
1771,1069.4444444444446,46.99
1772,1070.048309178744,46.99
1773,1070.6521739130435,47.04
1774,1071.256038647343,46.96
1775,1071.8599033816427,46.96
1776,1072.463768115942,47.09
1777,1073.0676328502416,46.99
1778,1073.6714975845412,47.02
1779,1074.2753623188405,46.98
1780,1074.87922705314,46.99
1781,1075.4830917874397,47.05
1782,1076.0869565217392,47.05
1783,1076.6908212560386,46.98
1784,1077.2946859903382,46.99
1785,1077.8985507246377,47.02
1786,1078.5024154589373,47.09
1787,1079.1062801932367,47.02
1788,1079.7101449275362,47.09
1789,1080.3140096618358,47.09
1790,1080.9178743961354,47.07
1791,1081.5217391304348,47.07
1792,1082.1256038647343,47.07
1793,1082.729468599034,47.12
1794,1083.3333333333333,47.12
1795,1083.9371980676328,47.06
1796,1084.5410628019324,47.06
1797,1085.144927536232,47.07
1798,1085.7487922705313,47.16
1799,1086.352657004831,47.14
1800,1086.9565217391305,47.14
1801,1087.56038647343,47.09
1802,1088.1642512077294,47.02
1803,1088.768115942029,47.16
1804,1089.3719806763286,47.12
1805,1089.9758454106282,47.16
1806,1090.5797101449275,47.11
1807,1091.183574879227,47.07
1808,1091.7874396135267,47.09
1809,1092.391304347826,47.12
1810,1092.9951690821256,47.12
1811,1093.5990338164252,47.11
1812,1094.2028985507247,47.11
1813,1094.806763285024,47.07
1814,1095.4106280193237,47.12
1815,1096.0144927536232,47.2
1816,1096.6183574879228,47.06
1817,1097.2222222222222,47.12
1818,1097.8260869565217,47.2
1819,1098.4299516908213,47.2
1820,1099.033816425121,47.09
1821,1099.6376811594203,47.14
1822,1100.2415458937198,47.07
1823,1100.8454106280194,47.2
1824,1101.449275362319,47.06
1825,1102.0531400966183,47.14
1826,1102.657004830918,47.13
1827,1103.2608695652175,47.12
1828,1103.8647342995168,47.16
1829,1104.4685990338164,47.14
1830,1105.072463768116,47.16
1831,1105.6763285024156,47.14
1832,1106.280193236715,47.2
1833,1106.8840579710145,47.12
1834,1107.487922705314,47.12
1835,1108.0917874396137,47.09
1836,1108.695652173913,47.18
1837,1109.2995169082126,47.12
1838,1109.9033816425122,47.09
1839,1110.5072463768117,47.13
1840,1111.111111111111,47.14
1841,1111.7149758454107,47.02
1842,1112.3188405797102,47.09
1843,1112.9227053140096,47.09
1844,1113.5265700483092,47.09
1845,1114.1304347826087,47.04
1846,1114.7342995169083,47.11
1847,1115.3381642512077,47.09
1848,1115.9420289855072,47.09
1849,1116.5458937198068,47.02
1850,1117.1497584541064,47.09
1851,1117.7536231884058,47.2
1852,1118.3574879227053,47.07
1853,1118.961352657005,47.12
1854,1119.5652173913045,47.09
1855,1120.1690821256038,47.04
1856,1120.7729468599034,47.16
1857,1121.376811594203,47.06
1858,1121.9806763285023,47.07
1859,1122.584541062802,47.2
1860,1123.1884057971015,47.14
1861,1123.792270531401,47.09
1862,1124.3961352657004,47.16
1863,1125.0,47.16
1864,1125.6038647342996,47.13
1865,1126.2077294685992,47.14
1866,1126.8115942028985,47.07
1867,1127.415458937198,47.09
1868,1128.0193236714977,47.04
1869,1128.6231884057972,47.14
1870,1129.2270531400966,47.09
1871,1129.8309178743962,47.16
1872,1130.4347826086957,47.09
1873,1131.038647342995,47.09
1874,1131.6425120772947,47.09
1875,1132.2463768115942,47.05
1876,1132.8502415458938,47.13
1877,1133.4541062801932,47.16
1878,1134.0579710144928,47.12
1879,1134.6618357487923,47.16
1880,1135.265700483092,47.09
1881,1135.8695652173913,47.13
1882,1136.4734299516908,47.09
1883,1137.0772946859904,47.07
1884,1137.68115942029,47.07
1885,1138.2850241545893,47.07
1886,1138.888888888889,47.09
1887,1139.4927536231885,47.09
1888,1140.0966183574878,47.13
1889,1140.7004830917874,47.06
1890,1141.304347826087,47.07
1891,1141.9082125603866,47.06
1892,1142.512077294686,47.09
1893,1143.1159420289855,47.14
1894,1143.719806763285,47.09
1895,1144.3236714975847,47.09
1896,1144.927536231884,47.14
1897,1145.5314009661836,47.11
1898,1146.1352657004832,47.06
1899,1146.7391304347827,47.09
1900,1147.342995169082,47.07
1901,1147.9468599033817,47.09
1902,1148.5507246376812,47.06
1903,1149.1545893719808,47.05
1904,1149.7584541062802,47.09
1905,1150.3623188405797,47.09
1906,1150.9661835748793,47.11
1907,1151.5700483091787,47.05
1908,1152.1739130434783,46.98
1909,1152.7777777777778,47.09
1910,1153.3816425120774,47.11
1911,1153.9855072463768,47.05
1912,1154.5893719806763,47.06
1913,1155.193236714976,47.02
1914,1155.7971014492755,47.09
1915,1156.4009661835748,47.09
1916,1157.0048309178744,47.02
1917,1157.608695652174,47.04
1918,1158.2125603864736,47.04
1919,1158.816425120773,47.07
1920,1159.4202898550725,47.06
1921,1160.024154589372,47.12
1922,1160.6280193236714,47.06
1923,1161.231884057971,47.0
1924,1161.8357487922706,47.04
1925,1162.4396135265702,47.0
1926,1163.0434782608695,47.04
1927,1163.647342995169,46.95
1928,1164.2512077294687,46.99
1929,1164.8550724637682,47.04
1930,1165.4589371980676,47.04
1931,1166.0628019323672,47.0
1932,1166.6666666666667,46.99
1933,1167.2705314009663,46.98
1934,1167.8743961352657,47.05
1935,1168.4782608695652,47.02
1936,1169.0821256038648,47.0
1937,1169.6859903381642,47.04
1938,1170.2898550724638,46.98
1939,1170.8937198067633,47.06
1940,1171.497584541063,46.98
1941,1172.1014492753623,46.91
1942,1172.7053140096618,47.02
1943,1173.3091787439614,46.94
1944,1173.913043478261,46.95
1945,1174.5169082125603,46.96
1946,1175.12077294686,46.91
1947,1175.7246376811595,46.95
1948,1176.328502415459,47.02
1949,1176.9323671497584,47.04
1950,1177.536231884058,47.0
1951,1178.1400966183576,47.0
1952,1178.7439613526572,47.05
1953,1179.3478260869565,46.98
1954,1179.951690821256,47.06
1955,1180.5555555555557,47.02
1956,1181.159420289855,46.94
1957,1181.7632850241546,46.99
1958,1182.3671497584542,47.0
1959,1182.9710144927537,46.94
1960,1183.574879227053,46.95
1961,1184.1787439613527,46.93
1962,1184.7826086956522,47.02
1963,1185.3864734299518,46.96
1964,1185.9903381642512,46.95
1965,1186.5942028985507,46.95
1966,1187.1980676328503,46.98
1967,1187.80193236715,47.05
1968,1188.4057971014493,47.0
1969,1189.0096618357488,46.96
1970,1189.6135265700484,47.02
1971,1190.2173913043478,46.96
1972,1190.8212560386473,47.04
1973,1191.425120772947,46.98
1974,1192.0289855072465,47.02
1975,1192.6328502415458,47.0
1976,1193.2367149758454,46.98
1977,1193.840579710145,47.04
1978,1194.4444444444446,47.02
1979,1195.048309178744,47.02
1980,1195.6521739130435,47.05
1981,1196.256038647343,46.98
1982,1196.8599033816427,47.06
1983,1197.463768115942,47.02
1984,1198.0676328502416,47.07
1985,1198.6714975845412,47.0
1986,1199.2753623188405,46.95
1987,1199.87922705314,47.02
1988,1200.4830917874397,47.02
1989,1201.0869565217392,46.96
1990,1201.6908212560386,47.02
1991,1202.2946859903382,46.93
1992,1202.8985507246377,46.98
1993,1203.5024154589373,46.87
1994,1204.1062801932367,46.95
1995,1204.7101449275362,46.93
1996,1205.3140096618358,46.99
1997,1205.9178743961354,46.98
1998,1206.5217391304348,46.87
1999,1207.1256038647343,46.95
2000,1207.729468599034,46.95
2001,1208.3333333333333,46.89
2002,1208.9371980676328,46.88
2003,1209.5410628019324,46.95
2004,1210.144927536232,46.99
2005,1210.7487922705313,46.95
2006,1211.352657004831,46.87
2007,1211.9565217391305,46.91
2008,1212.56038647343,46.88
2009,1213.1642512077294,46.95
2010,1213.768115942029,46.91
2011,1214.3719806763286,46.93
2012,1214.9758454106282,46.87
2013,1215.5797101449275,46.91
2014,1216.183574879227,46.89
2015,1216.7874396135267,46.94
2016,1217.391304347826,46.88
2017,1217.9951690821256,46.93
2018,1218.5990338164252,46.89
2019,1219.2028985507247,46.91
2020,1219.806763285024,46.87
2021,1220.4106280193237,46.93
2022,1221.0144927536232,46.87
2023,1221.6183574879228,46.93
2024,1222.2222222222222,46.86
2025,1222.8260869565217,46.86
2026,1223.4299516908213,46.88
2027,1224.033816425121,46.88
2028,1224.6376811594203,46.95
2029,1225.2415458937198,46.89
2030,1225.8454106280194,46.91
2031,1226.449275362319,46.84
2032,1227.0531400966183,46.88
2033,1227.657004830918,46.96
2034,1228.2608695652175,46.91
2035,1228.8647342995168,46.91
2036,1229.4685990338164,46.86
2037,1230.072463768116,46.82
2038,1230.6763285024156,46.87
2039,1231.280193236715,46.87
2040,1231.8840579710145,46.91
2041,1232.487922705314,46.91
2042,1233.0917874396137,46.98
2043,1233.695652173913,46.88
2044,1234.2995169082126,46.86
2045,1234.9033816425122,46.91
2046,1235.5072463768117,46.93
2047,1236.111111111111,46.82
2048,1236.7149758454107,46.91
2049,1237.3188405797102,46.91
2050,1237.9227053140096,46.93
2051,1238.5265700483092,46.99
2052,1239.1304347826087,46.8
2053,1239.7342995169083,46.91
2054,1240.3381642512077,46.86
2055,1240.9420289855072,46.91
2056,1241.5458937198068,46.89
2057,1242.1497584541064,46.91
2058,1242.7536231884058,46.93
2059,1243.3574879227053,46.84
2060,1243.961352657005,46.93
2061,1244.5652173913045,46.84
2062,1245.1690821256038,46.89
2063,1245.7729468599034,46.86
2064,1246.376811594203,46.94
2065,1246.9806763285023,46.91
2066,1247.584541062802,46.84
2067,1248.1884057971015,46.94
2068,1248.792270531401,46.87
2069,1249.3961352657004,46.88
2070,1250.0,46.91
2071,1250.6038647342996,46.91
2072,1251.2077294685992,46.87
2073,1251.8115942028985,46.87
2074,1252.415458937198,46.84
2075,1253.0193236714977,46.91
2076,1253.6231884057972,46.81
2077,1254.2270531400966,46.89
2078,1254.8309178743962,46.96
2079,1255.4347826086957,46.93
2080,1256.0386473429953,46.96
2081,1256.6425120772947,46.84
2082,1257.2463768115942,46.87
2083,1257.8502415458938,46.86
2084,1258.4541062801932,46.96
2085,1259.0579710144928,46.87
2086,1259.6618357487923,46.94
2087,1260.265700483092,46.94
2088,1260.8695652173913,46.81
2089,1261.4734299516908,46.87
2090,1262.0772946859904,46.86
2091,1262.68115942029,46.88
2092,1263.2850241545893,46.84
2093,1263.888888888889,46.84
2094,1264.4927536231885,46.8
2095,1265.096618357488,46.96
2096,1265.7004830917874,46.8
2097,1266.304347826087,46.89
2098,1266.9082125603866,46.84
2099,1267.512077294686,46.93
2100,1268.1159420289855,46.93
2101,1268.719806763285,46.89
2102,1269.3236714975847,46.86
2103,1269.927536231884,46.88
2104,1270.5314009661836,46.84
2105,1271.1352657004832,46.82
2106,1271.7391304347827,46.88
2107,1272.342995169082,46.88
2108,1272.9468599033817,46.86
2109,1273.5507246376812,46.84
2110,1274.1545893719808,46.84
2111,1274.7584541062802,46.82
2112,1275.3623188405797,46.87
2113,1275.9661835748793,46.84
2114,1276.5700483091787,46.86
2115,1277.1739130434783,46.91
2116,1277.7777777777778,46.89
2117,1278.3816425120774,46.84
2118,1278.9855072463768,46.88
2119,1279.5893719806763,46.87
2120,1280.193236714976,46.94
2121,1280.7971014492755,46.93
2122,1281.4009661835748,46.86
2123,1282.0048309178744,46.91
2124,1282.608695652174,46.88
2125,1283.2125603864736,46.93
2126,1283.816425120773,46.87
2127,1284.4202898550725,46.84
2128,1285.024154589372,46.89
2129,1285.6280193236714,46.89
2130,1286.231884057971,46.88
2131,1286.8357487922706,46.91
2132,1287.4396135265702,46.87
2133,1288.0434782608695,46.89
2134,1288.647342995169,46.89
2135,1289.2512077294687,46.86
2136,1289.8550724637682,46.91
2137,1290.4589371980676,46.91
2138,1291.0628019323672,46.96
2139,1291.6666666666667,46.87
2140,1292.2705314009663,46.91
2141,1292.8743961352657,46.94
2142,1293.4782608695652,46.91
2143,1294.0821256038648,46.84
2144,1294.6859903381642,46.98
2145,1295.2898550724638,46.88
2146,1295.8937198067633,46.91
2147,1296.497584541063,46.91
2148,1297.1014492753623,46.95
2149,1297.7053140096618,46.88
2150,1298.3091787439614,46.89
2151,1298.913043478261,46.91
2152,1299.5169082125603,46.94
2153,1300.12077294686,47.0
2154,1300.7246376811595,46.86
2155,1301.328502415459,46.93
2156,1301.9323671497584,46.91
2157,1302.536231884058,46.91
2158,1303.1400966183576,46.91
2159,1303.7439613526572,46.86
2160,1304.3478260869565,47.0
2161,1304.951690821256,46.96
2162,1305.5555555555557,47.02
2163,1306.159420289855,46.89
2164,1306.7632850241546,46.88
2165,1307.3671497584542,46.94
2166,1307.9710144927537,46.89
2167,1308.574879227053,46.95
2168,1309.1787439613527,46.98
2169,1309.7826086956522,47.0
2170,1310.3864734299518,46.96
2171,1310.9903381642512,46.96
2172,1311.5942028985507,46.99
2173,1312.1980676328503,46.95
2174,1312.80193236715,46.99
2175,1313.4057971014493,47.0
2176,1314.0096618357488,47.0
2177,1314.6135265700484,46.95
2178,1315.2173913043478,46.93
2179,1315.8212560386473,46.93
2180,1316.425120772947,46.95
2181,1317.0289855072465,46.95
2182,1317.6328502415458,46.98
2183,1318.2367149758454,46.96
2184,1318.840579710145,46.91
2185,1319.4444444444446,46.99
2186,1320.048309178744,47.04
2187,1320.6521739130435,46.93
2188,1321.256038647343,47.02
2189,1321.8599033816427,47.02
2190,1322.463768115942,46.99
2191,1323.0676328502416,46.96
2192,1323.6714975845412,47.0
2193,1324.2753623188405,47.0
2194,1324.87922705314,47.0
2195,1325.4830917874397,46.99
2196,1326.0869565217392,46.99
2197,1326.6908212560386,47.0
2198,1327.2946859903382,47.07
2199,1327.8985507246377,46.99
2200,1328.5024154589373,47.06
2201,1329.1062801932367,47.04
2202,1329.7101449275362,46.99
2203,1330.3140096618358,47.0
2204,1330.9178743961354,46.95
2205,1331.5217391304348,47.04
2206,1332.1256038647343,47.06
2207,1332.729468599034,47.0
2208,1333.3333333333335,47.04
2209,1333.9371980676328,46.95
2210,1334.5410628019324,47.0
2211,1335.144927536232,47.02
2212,1335.7487922705313,47.02
2213,1336.352657004831,47.0
2214,1336.9565217391305,47.02
2215,1337.56038647343,47.04
2216,1338.1642512077294,47.0
2217,1338.768115942029,47.02
2218,1339.3719806763286,46.99
2219,1339.9758454106282,46.98
2220,1340.5797101449275,47.02
2221,1341.183574879227,47.07
2222,1341.7874396135267,47.02
2223,1342.3913043478262,47.11
2224,1342.9951690821256,46.99
2225,1343.5990338164252,47.02
2226,1344.2028985507247,47.09
2227,1344.806763285024,47.04
2228,1345.4106280193237,47.05
2229,1346.0144927536232,46.95
2230,1346.6183574879228,47.02
2231,1347.2222222222222,47.06
2232,1347.8260869565217,47.04
2233,1348.4299516908213,47.09
2234,1349.033816425121,47.05
2235,1349.6376811594203,47.09
2236,1350.2415458937198,47.06
2237,1350.8454106280194,47.02
2238,1351.449275362319,47.07
2239,1352.0531400966183,47.02
2240,1352.657004830918,46.91
2241,1353.2608695652175,46.98
2242,1353.8647342995168,47.02
2243,1354.4685990338164,46.94
2244,1355.072463768116,47.06
2245,1355.6763285024156,47.0
2246,1356.280193236715,47.11
2247,1356.8840579710145,47.02
2248,1357.487922705314,47.09
2249,1358.0917874396137,47.04
2250,1358.695652173913,47.0
2251,1359.2995169082126,47.04
2252,1359.9033816425122,47.09
2253,1360.5072463768117,46.98
2254,1361.111111111111,46.95
2255,1361.7149758454107,47.07
2256,1362.3188405797102,47.09
2257,1362.9227053140096,47.02
2258,1363.5265700483092,47.04
2259,1364.1304347826087,47.09
2260,1364.7342995169083,47.05
2261,1365.3381642512077,47.02
2262,1365.9420289855072,46.98
2263,1366.5458937198068,46.91
2264,1367.1497584541064,47.06
2265,1367.7536231884058,47.0
2266,1368.3574879227053,47.0
2267,1368.961352657005,46.98
2268,1369.5652173913045,47.02
2269,1370.1690821256038,47.02
2270,1370.7729468599034,46.96
2271,1371.376811594203,46.91
2272,1371.9806763285023,47.05
2273,1372.584541062802,47.04
2274,1373.1884057971015,46.99
2275,1373.792270531401,46.95
2276,1374.3961352657004,47.0
2277,1375.0,47.02
2278,1375.6038647342996,46.95
2279,1376.2077294685992,47.0
2280,1376.8115942028985,47.04
2281,1377.415458937198,47.0
2282,1378.0193236714977,46.98
2283,1378.6231884057972,47.02
2284,1379.2270531400966,46.98
2285,1379.8309178743962,47.0
2286,1380.4347826086957,47.04
2287,1381.0386473429953,47.06
2288,1381.6425120772947,47.0
2289,1382.2463768115942,47.07
2290,1382.8502415458938,46.99
2291,1383.4541062801932,47.02
2292,1384.0579710144928,46.98
2293,1384.6618357487923,46.96
2294,1385.265700483092,47.0
2295,1385.8695652173913,47.02
2296,1386.4734299516908,47.02
2297,1387.0772946859904,47.05
2298,1387.68115942029,47.0
2299,1388.2850241545893,47.11
2300,1388.888888888889,46.99
2301,1389.4927536231885,46.96
2302,1390.096618357488,47.04
2303,1390.7004830917874,47.04
2304,1391.304347826087,47.04
2305,1391.9082125603866,46.94
2306,1392.512077294686,47.0
2307,1393.1159420289855,46.95
2308,1393.719806763285,46.94
2309,1394.3236714975847,47.02
2310,1394.927536231884,46.96
2311,1395.5314009661836,46.96
2312,1396.1352657004832,46.95
2313,1396.7391304347827,46.98
2314,1397.342995169082,46.95
2315,1397.9468599033817,46.94
2316,1398.5507246376812,46.94
2317,1399.1545893719808,46.95
2318,1399.7584541062802,47.04
2319,1400.3623188405797,46.98
2320,1400.9661835748793,46.91
2321,1401.5700483091787,46.98
2322,1402.1739130434783,46.99
2323,1402.7777777777778,46.95
2324,1403.3816425120774,47.06
2325,1403.9855072463768,47.02
2326,1404.5893719806763,47.02
2327,1405.193236714976,46.89
2328,1405.7971014492755,46.94
2329,1406.4009661835748,46.98
2330,1407.0048309178744,46.91
2331,1407.608695652174,46.94
2332,1408.2125603864736,46.93
2333,1408.816425120773,46.93
2334,1409.4202898550725,46.94
2335,1410.024154589372,47.02
2336,1410.6280193236717,46.89
2337,1411.231884057971,46.93
2338,1411.8357487922706,47.0
2339,1412.4396135265702,47.0
2340,1413.0434782608695,46.93
2341,1413.647342995169,46.99
2342,1414.2512077294687,46.96
2343,1414.8550724637682,47.0
2344,1415.4589371980676,46.93
2345,1416.0628019323672,46.96
2346,1416.6666666666667,46.91
2347,1417.2705314009663,46.95
2348,1417.8743961352657,46.88
2349,1418.4782608695652,46.87
2350,1419.0821256038648,46.96
2351,1419.6859903381644,46.96
2352,1420.2898550724638,46.93
2353,1420.8937198067633,46.94
2354,1421.497584541063,46.95
2355,1422.1014492753623,46.96
2356,1422.7053140096618,47.02
2357,1423.3091787439614,47.02
2358,1423.913043478261,47.02
2359,1424.5169082125603,47.0
2360,1425.12077294686,46.98
2361,1425.7246376811595,46.95
2362,1426.328502415459,46.95
2363,1426.9323671497584,46.98
2364,1427.536231884058,46.91
2365,1428.1400966183576,46.91
2366,1428.7439613526572,46.88
2367,1429.3478260869565,46.94
2368,1429.951690821256,46.96
2369,1430.5555555555557,46.94
2370,1431.159420289855,47.0
2371,1431.7632850241546,46.94
2372,1432.3671497584542,46.91
2373,1432.9710144927537,46.95
2374,1433.574879227053,46.91
2375,1434.1787439613527,47.02
2376,1434.7826086956522,46.91
2377,1435.3864734299518,46.98
2378,1435.9903381642512,46.93
2379,1436.5942028985507,46.93
2380,1437.1980676328503,46.96
2381,1437.80193236715,46.94
2382,1438.4057971014493,46.95
2383,1439.0096618357488,47.02
2384,1439.6135265700484,47.02
2385,1440.2173913043478,46.98
2386,1440.8212560386473,47.05
2387,1441.425120772947,47.0
2388,1442.0289855072465,47.04
2389,1442.6328502415458,46.98
2390,1443.2367149758454,46.95
2391,1443.840579710145,46.91
2392,1444.4444444444446,46.94
2393,1445.048309178744,47.05
2394,1445.6521739130435,46.96
2395,1446.256038647343,46.98
2396,1446.8599033816427,46.95
2397,1447.463768115942,46.89
2398,1448.0676328502416,47.0
2399,1448.6714975845412,47.02
2400,1449.2753623188405,47.02
2401,1449.87922705314,46.98
2402,1450.4830917874397,46.98
2403,1451.0869565217392,47.02
2404,1451.6908212560386,47.09
2405,1452.2946859903382,47.0
2406,1452.8985507246377,47.02
2407,1453.5024154589373,46.96
2408,1454.1062801932367,47.04
2409,1454.7101449275362,47.0
2410,1455.3140096618358,47.02
2411,1455.9178743961354,47.02
2412,1456.5217391304348,47.02
2413,1457.1256038647343,46.98
2414,1457.729468599034,47.02
2415,1458.3333333333335,46.98
2416,1458.9371980676328,47.06
2417,1459.5410628019324,47.02
2418,1460.144927536232,47.02
2419,1460.7487922705313,46.95
2420,1461.352657004831,47.11
2421,1461.9565217391305,47.05
2422,1462.56038647343,47.04
2423,1463.1642512077294,47.02
2424,1463.768115942029,47.09
2425,1464.3719806763286,47.02
2426,1464.9758454106282,46.95
2427,1465.5797101449275,47.09
2428,1466.183574879227,47.11
2429,1466.7874396135267,47.07
2430,1467.3913043478262,47.02
2431,1467.9951690821256,47.04
2432,1468.5990338164252,47.09
2433,1469.2028985507247,47.11
2434,1469.806763285024,47.04
2435,1470.4106280193237,47.11
2436,1471.0144927536232,47.04
2437,1471.6183574879228,47.09
2438,1472.2222222222222,47.06
2439,1472.8260869565217,47.07
2440,1473.4299516908213,47.07
2441,1474.033816425121,47.09
2442,1474.6376811594203,47.07
2443,1475.2415458937198,47.18
2444,1475.8454106280194,47.11
2445,1476.449275362319,47.09
2446,1477.0531400966183,47.14
2447,1477.657004830918,46.98
2448,1478.2608695652175,47.12
2449,1478.8647342995168,47.09
2450,1479.4685990338164,47.09
2451,1480.072463768116,47.11
2452,1480.6763285024156,47.09
2453,1481.280193236715,47.09
2454,1481.8840579710145,47.07
2455,1482.487922705314,46.98
2456,1483.0917874396137,47.07
2457,1483.695652173913,47.09
2458,1484.2995169082126,47.16
2459,1484.9033816425122,47.09
2460,1485.5072463768117,47.12
2461,1486.111111111111,47.12
2462,1486.7149758454107,47.05
2463,1487.3188405797102,47.09
2464,1487.9227053140098,47.02
2465,1488.5265700483092,47.12
2466,1489.1304347826087,47.13
2467,1489.7342995169083,47.04
2468,1490.3381642512077,47.0
2469,1490.9420289855072,47.11
2470,1491.5458937198068,47.12
2471,1492.1497584541064,47.11
2472,1492.7536231884058,47.04
2473,1493.3574879227053,47.05
2474,1493.961352657005,47.06
2475,1494.5652173913045,47.11
2476,1495.1690821256038,47.09
2477,1495.7729468599034,47.09
2478,1496.376811594203,47.06
2479,1496.9806763285026,47.09
2480,1497.584541062802,47.09
2481,1498.1884057971015,47.09
2482,1498.792270531401,47.06
2483,1499.3961352657004,47.09
2484,1500.0,47.02
2485,1500.6038647342996,47.05
2486,1501.2077294685992,47.11
2487,1501.8115942028985,47.13
2488,1502.415458937198,47.0
2489,1503.0193236714977,47.09
2490,1503.6231884057972,47.06
2491,1504.2270531400966,47.05
2492,1504.8309178743962,47.02
2493,1505.4347826086957,46.95
2494,1506.0386473429953,47.07
2495,1506.6425120772947,46.94
2496,1507.2463768115942,47.04
2497,1507.8502415458938,47.04
2498,1508.4541062801932,47.07
2499,1509.0579710144928,47.07
2500,1509.6618357487923,46.99
2501,1510.265700483092,47.02
2502,1510.8695652173913,47.04
2503,1511.4734299516908,47.07
2504,1512.0772946859904,47.02
2505,1512.68115942029,47.02
2506,1513.2850241545893,47.07
2507,1513.888888888889,47.09
2508,1514.4927536231885,47.06
2509,1515.096618357488,47.0
2510,1515.7004830917874,47.0
2511,1516.304347826087,47.06
2512,1516.9082125603866,47.06
2513,1517.512077294686,47.05
2514,1518.1159420289855,47.0
2515,1518.719806763285,47.04
2516,1519.3236714975847,46.99
2517,1519.927536231884,47.04
2518,1520.5314009661836,47.05
2519,1521.1352657004832,47.04
2520,1521.7391304347827,47.06
2521,1522.342995169082,47.02
2522,1522.9468599033817,47.04
2523,1523.5507246376812,47.06
2524,1524.1545893719808,47.09
2525,1524.7584541062802,47.02
2526,1525.3623188405797,47.05
2527,1525.9661835748793,47.07
2528,1526.5700483091787,47.02
2529,1527.1739130434783,46.96
2530,1527.7777777777778,46.95
2531,1528.3816425120774,46.98
2532,1528.9855072463768,47.07
2533,1529.5893719806763,47.07
2534,1530.193236714976,47.05
2535,1530.7971014492755,47.0
2536,1531.4009661835748,47.0
2537,1532.0048309178744,47.02
2538,1532.608695652174,46.94
2539,1533.2125603864736,46.99
2540,1533.816425120773,46.99
2541,1534.4202898550725,46.95
2542,1535.024154589372,46.98
2543,1535.6280193236717,46.96
2544,1536.231884057971,47.02
2545,1536.8357487922706,46.98
2546,1537.4396135265702,47.0
2547,1538.0434782608695,46.98
2548,1538.647342995169,46.99
2549,1539.2512077294687,46.98
2550,1539.8550724637682,46.91
2551,1540.4589371980676,46.96
2552,1541.0628019323672,46.98
2553,1541.6666666666667,46.98
2554,1542.2705314009663,46.99
2555,1542.8743961352657,47.06
2556,1543.4782608695652,47.02
2557,1544.0821256038648,46.99
2558,1544.6859903381644,47.02
2559,1545.2898550724638,47.02
2560,1545.8937198067633,47.02
2561,1546.497584541063,46.98
2562,1547.1014492753623,46.93
2563,1547.7053140096618,47.05
2564,1548.3091787439614,47.02
2565,1548.913043478261,46.99
2566,1549.5169082125603,46.95
2567,1550.12077294686,47.04
2568,1550.7246376811595,47.02
2569,1551.328502415459,46.99
2570,1551.9323671497584,47.02
2571,1552.536231884058,46.93
2572,1553.1400966183576,46.98
2573,1553.7439613526572,47.0
2574,1554.3478260869565,46.99
2575,1554.951690821256,47.02
2576,1555.5555555555557,47.04
2577,1556.159420289855,47.02
2578,1556.7632850241546,46.99
2579,1557.3671497584542,47.02
2580,1557.9710144927537,46.99
2581,1558.574879227053,47.06
2582,1559.1787439613527,47.05
2583,1559.7826086956522,46.96
2584,1560.3864734299518,47.06
2585,1560.9903381642512,46.93
2586,1561.5942028985507,46.96
2587,1562.1980676328503,47.02
2588,1562.80193236715,47.02
2589,1563.4057971014493,47.02
2590,1564.0096618357488,47.02
2591,1564.6135265700484,46.99
2592,1565.217391304348,47.02
2593,1565.8212560386473,46.96
2594,1566.425120772947,46.98
2595,1567.0289855072465,47.02
2596,1567.6328502415458,46.96
2597,1568.2367149758454,46.95
2598,1568.840579710145,47.02
2599,1569.4444444444446,46.96
2600,1570.048309178744,46.94
2601,1570.6521739130435,46.87
2602,1571.256038647343,47.0
2603,1571.8599033816427,46.99
2604,1572.463768115942,46.99
2605,1573.0676328502416,46.93
2606,1573.6714975845412,46.94
2607,1574.2753623188407,46.95
2608,1574.87922705314,46.94
2609,1575.4830917874397,46.88
2610,1576.0869565217392,46.95
2611,1576.6908212560386,46.94
2612,1577.2946859903382,46.87
2613,1577.8985507246377,46.94
2614,1578.5024154589373,46.96
2615,1579.1062801932367,46.91
2616,1579.7101449275362,46.88
2617,1580.3140096618358,46.84
2618,1580.9178743961354,46.89
2619,1581.5217391304348,46.96
2620,1582.1256038647343,46.88
2621,1582.729468599034,46.89
2622,1583.3333333333335,46.93
2623,1583.9371980676328,46.96
2624,1584.5410628019324,46.91
2625,1585.144927536232,46.86
2626,1585.7487922705313,46.93
2627,1586.352657004831,46.95
2628,1586.9565217391305,46.88
2629,1587.56038647343,46.86
2630,1588.1642512077294,46.93
2631,1588.768115942029,46.84
2632,1589.3719806763286,46.87
2633,1589.9758454106282,46.84
2634,1590.5797101449275,46.93
2635,1591.183574879227,46.93
2636,1591.7874396135267,46.91
2637,1592.3913043478262,46.81
2638,1592.9951690821256,46.96
2639,1593.5990338164252,46.91
2640,1594.2028985507247,46.88
2641,1594.806763285024,46.86
2642,1595.4106280193237,46.94
2643,1596.0144927536232,46.96
2644,1596.6183574879228,46.95
2645,1597.2222222222222,46.89
2646,1597.8260869565217,46.87
2647,1598.4299516908213,46.89
2648,1599.033816425121,46.89
2649,1599.6376811594203,46.91
2650,1600.2415458937198,46.88
2651,1600.8454106280194,46.91
2652,1601.449275362319,46.91
2653,1602.0531400966183,46.91
2654,1602.657004830918,46.84
2655,1603.2608695652175,46.98
2656,1603.8647342995168,46.89
2657,1604.4685990338164,46.89
2658,1605.072463768116,46.88
2659,1605.6763285024156,47.0
2660,1606.280193236715,46.95
2661,1606.8840579710145,46.88
2662,1607.487922705314,46.84
2663,1608.0917874396137,46.89
2664,1608.695652173913,46.93
2665,1609.2995169082126,46.89
2666,1609.9033816425122,46.91
2667,1610.5072463768117,46.94
2668,1611.111111111111,46.88
2669,1611.7149758454107,46.91
2670,1612.3188405797102,46.94
2671,1612.9227053140098,46.87
2672,1613.5265700483092,46.93
2673,1614.1304347826087,47.02
2674,1614.7342995169083,46.93
2675,1615.3381642512077,46.89
2676,1615.9420289855072,46.91
2677,1616.5458937198068,46.95
2678,1617.1497584541064,46.91
2679,1617.7536231884058,46.91
2680,1618.3574879227053,46.88
2681,1618.961352657005,46.91
2682,1619.5652173913045,46.84
2683,1620.1690821256038,46.86
2684,1620.7729468599034,46.88
2685,1621.376811594203,46.93
2686,1621.9806763285026,46.89
2687,1622.584541062802,46.84
2688,1623.1884057971015,46.93
2689,1623.792270531401,46.91
2690,1624.3961352657004,46.87
2691,1625.0,46.88
2692,1625.6038647342996,46.89
2693,1626.2077294685992,46.87
2694,1626.8115942028985,46.88
2695,1627.415458937198,46.89
2696,1628.0193236714977,46.91
2697,1628.6231884057972,46.87
2698,1629.2270531400966,46.82
2699,1629.8309178743962,46.91
2700,1630.4347826086957,46.91
2701,1631.0386473429953,46.84
2702,1631.6425120772947,46.87
2703,1632.2463768115942,46.89
2704,1632.8502415458938,46.87
2705,1633.4541062801932,46.96
2706,1634.0579710144928,46.88
2707,1634.6618357487923,46.91
2708,1635.265700483092,46.89
2709,1635.8695652173913,46.87
2710,1636.4734299516908,46.87
2711,1637.0772946859904,46.94
2712,1637.68115942029,46.96
2713,1638.2850241545893,46.91
2714,1638.888888888889,46.96
2715,1639.4927536231885,46.91
2716,1640.096618357488,46.99
2717,1640.7004830917874,47.04
2718,1641.304347826087,46.94
2719,1641.9082125603866,46.98
2720,1642.5120772946862,46.94
2721,1643.1159420289855,46.96
2722,1643.719806763285,46.96
2723,1644.3236714975847,46.87
2724,1644.927536231884,47.0
2725,1645.5314009661836,46.99
2726,1646.1352657004832,46.91
2727,1646.7391304347827,46.96
2728,1647.342995169082,46.98
2729,1647.9468599033817,47.04
2730,1648.5507246376812,47.0
2731,1649.1545893719808,47.04
2732,1649.7584541062802,47.02
2733,1650.3623188405797,47.05
2734,1650.9661835748793,47.07
2735,1651.570048309179,47.05
2736,1652.1739130434783,47.11
2737,1652.7777777777778,47.02
2738,1653.3816425120774,47.04
2739,1653.9855072463768,47.09
2740,1654.5893719806763,46.98
2741,1655.193236714976,47.11
2742,1655.7971014492755,47.09
2743,1656.4009661835748,47.09
2744,1657.0048309178744,47.11
2745,1657.608695652174,47.09
2746,1658.2125603864736,47.12
2747,1658.816425120773,47.11
2748,1659.4202898550725,47.07
2749,1660.024154589372,47.2
2750,1660.6280193236717,47.07
2751,1661.231884057971,47.13
2752,1661.8357487922706,47.16
2753,1662.4396135265702,47.09
2754,1663.0434782608695,47.14
2755,1663.647342995169,47.14
2756,1664.2512077294687,47.16
2757,1664.8550724637682,47.14
2758,1665.4589371980676,47.14
2759,1666.0628019323672,47.07
2760,1666.6666666666667,47.11
2761,1667.2705314009663,47.05
2762,1667.8743961352657,47.09
2763,1668.4782608695652,47.16
2764,1669.0821256038648,47.09
2765,1669.6859903381644,47.11
2766,1670.2898550724638,47.11
2767,1670.8937198067633,47.13
2768,1671.497584541063,47.16
2769,1672.1014492753623,47.18
2770,1672.7053140096618,47.14
2771,1673.3091787439614,47.16
2772,1673.913043478261,47.16
2773,1674.5169082125603,47.18
2774,1675.12077294686,47.14
2775,1675.7246376811595,47.16
2776,1676.328502415459,47.16
2777,1676.9323671497584,47.16
2778,1677.536231884058,47.13
2779,1678.1400966183576,47.16
2780,1678.7439613526572,47.2
2781,1679.3478260869565,47.12
2782,1679.951690821256,47.16
2783,1680.5555555555557,47.2
2784,1681.159420289855,47.16
2785,1681.7632850241546,47.09
2786,1682.3671497584542,47.18
2787,1682.9710144927537,47.2
2788,1683.574879227053,47.18
2789,1684.1787439613527,47.16
2790,1684.7826086956522,47.16
2791,1685.3864734299518,47.2
2792,1685.9903381642512,47.2
2793,1686.5942028985507,47.2
2794,1687.1980676328503,47.13
2795,1687.80193236715,47.16
2796,1688.4057971014493,47.2
2797,1689.0096618357488,47.16
2798,1689.6135265700484,47.23
2799,1690.217391304348,47.2
2800,1690.8212560386473,47.2
2801,1691.425120772947,47.13
2802,1692.0289855072465,47.2
2803,1692.6328502415458,47.16
2804,1693.2367149758454,47.22
2805,1693.840579710145,47.27
2806,1694.4444444444446,47.22
2807,1695.048309178744,47.16
2808,1695.6521739130435,47.22
2809,1696.256038647343,47.16
2810,1696.8599033816427,47.16
2811,1697.463768115942,47.2
2812,1698.0676328502416,47.16
2813,1698.6714975845412,47.2
2814,1699.2753623188407,47.14
2815,1699.87922705314,47.18
2816,1700.4830917874397,47.2
2817,1701.0869565217392,47.16
2818,1701.6908212560386,47.23
2819,1702.2946859903382,47.2
2820,1702.8985507246377,47.16
2821,1703.5024154589373,47.22
2822,1704.1062801932367,47.12
2823,1704.7101449275362,47.2
2824,1705.3140096618358,47.18
2825,1705.9178743961354,47.18
2826,1706.5217391304348,47.16
2827,1707.1256038647343,47.12
2828,1707.729468599034,47.14
2829,1708.3333333333335,47.2
2830,1708.9371980676328,47.16
2831,1709.5410628019324,47.23
2832,1710.144927536232,47.13
2833,1710.7487922705313,47.13
2834,1711.352657004831,47.12
2835,1711.9565217391305,47.07
2836,1712.56038647343,47.13
2837,1713.1642512077294,47.09
2838,1713.768115942029,47.09
2839,1714.3719806763286,47.07
2840,1714.9758454106282,47.11
2841,1715.5797101449275,47.16
2842,1716.183574879227,47.09
2843,1716.7874396135267,47.09
2844,1717.3913043478262,47.09
2845,1717.9951690821256,47.12
2846,1718.5990338164252,47.07
2847,1719.2028985507247,47.07
2848,1719.8067632850243,47.11
2849,1720.4106280193237,47.13
2850,1721.0144927536232,47.2
2851,1721.6183574879228,47.09
2852,1722.2222222222222,47.11
2853,1722.8260869565217,47.14
2854,1723.4299516908213,47.13
2855,1724.033816425121,47.09
2856,1724.6376811594203,47.09
2857,1725.2415458937198,47.11
2858,1725.8454106280194,47.09
2859,1726.449275362319,47.09
2860,1727.0531400966183,47.16
2861,1727.657004830918,47.09
2862,1728.2608695652175,47.2
2863,1728.864734299517,47.14
2864,1729.4685990338164,47.11
2865,1730.072463768116,47.06
2866,1730.6763285024156,47.07
2867,1731.280193236715,47.07
2868,1731.8840579710145,47.02
2869,1732.487922705314,47.12
2870,1733.0917874396137,47.02
2871,1733.695652173913,47.12
2872,1734.2995169082126,47.11
2873,1734.9033816425122,47.02
2874,1735.5072463768117,46.99
2875,1736.111111111111,47.07
2876,1736.7149758454107,47.05
2877,1737.3188405797102,47.05
2878,1737.9227053140098,47.04
2879,1738.5265700483092,46.99
2880,1739.1304347826087,47.02
2881,1739.7342995169083,47.02
2882,1740.3381642512077,47.0
2883,1740.9420289855072,46.98
2884,1741.5458937198068,47.02
2885,1742.1497584541064,46.94
2886,1742.7536231884058,46.94
2887,1743.3574879227053,46.98
2888,1743.961352657005,47.02
2889,1744.5652173913045,47.0
2890,1745.1690821256038,47.02
2891,1745.7729468599034,46.94
2892,1746.376811594203,46.96
2893,1746.9806763285026,46.95
2894,1747.584541062802,47.0
2895,1748.1884057971015,47.02
2896,1748.792270531401,47.0
2897,1749.3961352657004,47.04
2898,1750.0,46.95
2899,1750.6038647342996,46.96
2900,1751.2077294685992,47.02
2901,1751.8115942028985,46.96
2902,1752.415458937198,47.02
2903,1753.0193236714977,46.98
2904,1753.6231884057972,47.04
2905,1754.2270531400966,46.93
2906,1754.8309178743962,46.94
2907,1755.4347826086957,46.98
2908,1756.0386473429953,46.99
2909,1756.6425120772947,46.99
2910,1757.2463768115942,46.98
2911,1757.8502415458938,46.96
2912,1758.4541062801932,46.93
2913,1759.0579710144928,46.91
2914,1759.6618357487923,47.07
2915,1760.265700483092,46.93
2916,1760.8695652173913,46.99
2917,1761.4734299516908,46.95
2918,1762.0772946859904,46.98
2919,1762.68115942029,46.98
2920,1763.2850241545893,47.09
2921,1763.888888888889,47.0
2922,1764.4927536231885,46.99
2923,1765.096618357488,46.94
2924,1765.7004830917874,46.91
2925,1766.304347826087,47.02
2926,1766.9082125603866,46.96
2927,1767.5120772946862,46.99
2928,1768.1159420289855,46.96
2929,1768.719806763285,46.98
2930,1769.3236714975847,46.98
2931,1769.927536231884,46.93
2932,1770.5314009661836,47.04
2933,1771.1352657004832,46.99
2934,1771.7391304347827,46.98
2935,1772.342995169082,46.95
2936,1772.9468599033817,46.95
2937,1773.5507246376812,46.91
2938,1774.1545893719808,46.99
2939,1774.7584541062802,46.89
2940,1775.3623188405797,46.99
2941,1775.9661835748793,46.91
2942,1776.570048309179,46.93
2943,1777.1739130434783,46.98
2944,1777.7777777777778,46.95
2945,1778.3816425120774,47.0
2946,1778.9855072463768,46.93
2947,1779.5893719806763,46.95
2948,1780.193236714976,46.93
2949,1780.7971014492755,46.91
2950,1781.4009661835748,46.93
2951,1782.0048309178744,46.91
2952,1782.608695652174,46.88
2953,1783.2125603864736,46.89
2954,1783.816425120773,46.89
2955,1784.4202898550725,46.98
2956,1785.024154589372,46.89
2957,1785.6280193236717,46.94
2958,1786.231884057971,46.96
2959,1786.8357487922706,46.91
2960,1787.4396135265702,46.91
2961,1788.0434782608695,46.87
2962,1788.647342995169,46.94
2963,1789.2512077294687,46.89
2964,1789.8550724637682,46.94
2965,1790.4589371980676,46.91
2966,1791.0628019323672,46.91
2967,1791.6666666666667,46.94
2968,1792.2705314009663,46.91
2969,1792.8743961352657,46.86
2970,1793.4782608695652,46.93
2971,1794.0821256038648,46.79
2972,1794.6859903381644,46.87
2973,1795.2898550724638,46.94
2974,1795.8937198067633,46.86
2975,1796.497584541063,46.84
2976,1797.1014492753625,46.89
2977,1797.7053140096618,46.91
2978,1798.3091787439614,46.98
2979,1798.913043478261,46.91
2980,1799.5169082125603,46.8
2981,1800.12077294686,46.94
2982,1800.7246376811595,46.89
2983,1801.328502415459,46.84
2984,1801.9323671497584,46.84
2985,1802.536231884058,46.87
2986,1803.1400966183576,46.84
2987,1803.7439613526572,46.86
2988,1804.3478260869565,46.89
2989,1804.951690821256,46.91
2990,1805.5555555555557,46.84
2991,1806.1594202898552,46.84
2992,1806.7632850241546,46.87
2993,1807.3671497584542,46.82
2994,1807.9710144927537,46.91
2995,1808.574879227053,46.87
2996,1809.1787439613527,46.89
2997,1809.7826086956522,46.95
2998,1810.3864734299518,46.87
2999,1810.9903381642512,46.87
3000,1811.5942028985507,46.88
3001,1812.1980676328503,46.98
3002,1812.80193236715,46.91
3003,1813.4057971014493,46.96
3004,1814.0096618357488,46.94
3005,1814.6135265700484,46.91
3006,1815.217391304348,46.87
3007,1815.8212560386473,46.91
3008,1816.425120772947,46.93
3009,1817.0289855072465,46.91
3010,1817.6328502415458,46.91
3011,1818.2367149758454,46.91
3012,1818.840579710145,46.87
3013,1819.4444444444446,46.84
3014,1820.048309178744,46.96
3015,1820.6521739130435,46.84
3016,1821.256038647343,46.82
3017,1821.8599033816427,46.84
3018,1822.463768115942,46.93
3019,1823.0676328502416,46.91
3020,1823.6714975845412,46.95
3021,1824.2753623188407,46.91
3022,1824.87922705314,46.91
3023,1825.4830917874397,46.91
3024,1826.0869565217392,46.93
3025,1826.6908212560386,47.02
3026,1827.2946859903382,46.89
3027,1827.8985507246377,46.91
3028,1828.5024154589373,46.86
3029,1829.1062801932367,46.89
3030,1829.7101449275362,46.88
3031,1830.3140096618358,46.96
3032,1830.9178743961354,46.93
3033,1831.5217391304348,46.93
3034,1832.1256038647343,46.91
3035,1832.729468599034,46.98
3036,1833.3333333333335,46.99
3037,1833.9371980676328,46.89
3038,1834.5410628019324,46.94
3039,1835.144927536232,46.91
3040,1835.7487922705313,46.86
3041,1836.352657004831,46.88
3042,1836.9565217391305,46.91
3043,1837.56038647343,46.94
3044,1838.1642512077294,47.02
3045,1838.768115942029,46.89
3046,1839.3719806763286,46.86
3047,1839.9758454106282,46.93
3048,1840.5797101449275,46.91
3049,1841.183574879227,46.95
3050,1841.7874396135267,46.91
3051,1842.3913043478262,46.8
3052,1842.9951690821256,46.93
3053,1843.5990338164252,46.95
3054,1844.2028985507247,46.91
3055,1844.8067632850243,46.93
3056,1845.4106280193237,46.99
3057,1846.0144927536232,46.94
3058,1846.6183574879228,46.94
3059,1847.2222222222222,46.87
3060,1847.8260869565217,46.89
3061,1848.4299516908213,46.91
3062,1849.033816425121,46.89
3063,1849.6376811594203,46.99
3064,1850.2415458937198,46.96
3065,1850.8454106280194,46.94
3066,1851.449275362319,46.91
3067,1852.0531400966183,46.91
3068,1852.657004830918,47.02
3069,1853.2608695652175,46.95
3070,1853.864734299517,46.93
3071,1854.4685990338164,46.93
3072,1855.072463768116,46.88
3073,1855.6763285024156,46.95
3074,1856.280193236715,46.98
3075,1856.8840579710145,46.87
3076,1857.487922705314,46.87
3077,1858.0917874396137,46.89
3078,1858.695652173913,46.91
3079,1859.2995169082126,46.93
3080,1859.9033816425122,47.0
3081,1860.5072463768117,46.96
3082,1861.111111111111,46.91
3083,1861.7149758454107,46.95
3084,1862.3188405797102,46.95
3085,1862.9227053140098,46.87
3086,1863.5265700483092,46.89
3087,1864.1304347826087,46.86
3088,1864.7342995169083,46.88
3089,1865.3381642512077,46.93
3090,1865.9420289855072,46.87
3091,1866.5458937198068,46.87
3092,1867.1497584541064,46.82
3093,1867.7536231884058,46.89
3094,1868.3574879227053,46.91
3095,1868.961352657005,46.91
3096,1869.5652173913045,46.96
3097,1870.1690821256038,46.91
3098,1870.7729468599034,46.91
3099,1871.376811594203,46.89
3100,1871.9806763285026,46.95
3101,1872.584541062802,46.96
3102,1873.1884057971015,46.91
3103,1873.792270531401,46.84
3104,1874.3961352657007,46.94
3105,1875.0,46.98
3106,1875.6038647342996,46.94
3107,1876.2077294685992,46.93
3108,1876.8115942028985,46.93
3109,1877.415458937198,46.91
3110,1878.0193236714977,46.98
3111,1878.6231884057972,46.86
3112,1879.2270531400966,46.93
3113,1879.8309178743962,46.95
3114,1880.4347826086957,46.91
3115,1881.0386473429953,46.93
3116,1881.6425120772947,46.99
3117,1882.2463768115942,46.98
3118,1882.8502415458938,46.95
3119,1883.4541062801934,46.96
3120,1884.0579710144928,46.96
3121,1884.6618357487923,47.02
3122,1885.265700483092,46.87
3123,1885.8695652173913,46.89
3124,1886.4734299516908,46.96
3125,1887.0772946859904,47.02
3126,1887.68115942029,47.0
3127,1888.2850241545893,46.96
3128,1888.888888888889,46.98
3129,1889.4927536231885,47.02
3130,1890.096618357488,47.04
3131,1890.7004830917874,46.98
3132,1891.304347826087,46.99
3133,1891.9082125603866,47.0
3134,1892.5120772946862,46.99
3135,1893.1159420289855,46.96
3136,1893.719806763285,47.02
3137,1894.3236714975847,46.98
3138,1894.927536231884,47.0
3139,1895.5314009661836,47.04
3140,1896.1352657004832,47.0
3141,1896.7391304347827,47.04
3142,1897.342995169082,47.07
3143,1897.9468599033817,47.05
3144,1898.5507246376812,47.06
3145,1899.1545893719808,47.02
3146,1899.7584541062802,47.05
3147,1900.3623188405797,47.05
3148,1900.9661835748793,47.02
3149,1901.570048309179,47.02
3150,1902.1739130434783,47.09
3151,1902.7777777777778,47.12
3152,1903.3816425120774,47.06
3153,1903.9855072463768,47.04
3154,1904.5893719806763,47.06
3155,1905.193236714976,47.09
3156,1905.7971014492755,47.09
3157,1906.4009661835748,47.09
3158,1907.0048309178744,47.18
3159,1907.608695652174,47.09
3160,1908.2125603864736,46.99
3161,1908.816425120773,47.09
3162,1909.4202898550725,47.14
3163,1910.024154589372,47.11
3164,1910.6280193236717,46.98
3165,1911.231884057971,47.02
3166,1911.8357487922706,47.06
3167,1912.4396135265702,47.13
3168,1913.0434782608695,47.04
3169,1913.647342995169,47.05
3170,1914.2512077294687,47.11
3171,1914.8550724637682,47.04
3172,1915.4589371980676,47.09
3173,1916.0628019323672,47.02
3174,1916.6666666666667,47.05
3175,1917.2705314009663,47.02
3176,1917.8743961352657,47.06
3177,1918.4782608695652,47.0
3178,1919.0821256038648,47.06
3179,1919.6859903381644,47.11
3180,1920.2898550724638,47.05
3181,1920.8937198067633,47.02
3182,1921.497584541063,47.11
3183,1922.1014492753625,47.13
3184,1922.7053140096618,47.04
3185,1923.3091787439614,47.07
3186,1923.913043478261,47.04
3187,1924.5169082125603,47.06
3188,1925.12077294686,47.11
3189,1925.7246376811595,47.02
3190,1926.328502415459,47.04
3191,1926.9323671497584,47.09
3192,1927.536231884058,47.11
3193,1928.1400966183576,47.09
3194,1928.7439613526572,47.05
3195,1929.3478260869565,47.09
3196,1929.951690821256,47.02
3197,1930.5555555555557,47.05
3198,1931.1594202898552,47.05
3199,1931.7632850241546,47.12
3200,1932.3671497584542,47.06
3201,1932.9710144927537,47.02
3202,1933.574879227053,47.04
3203,1934.1787439613527,47.06
3204,1934.7826086956522,47.09
3205,1935.3864734299518,47.02
3206,1935.9903381642512,47.05
3207,1936.5942028985507,47.0
3208,1937.1980676328503,47.13
3209,1937.80193236715,47.14
3210,1938.4057971014493,47.07
3211,1939.0096618357488,47.14
3212,1939.6135265700484,47.2
3213,1940.217391304348,47.02
3214,1940.8212560386473,47.09
3215,1941.425120772947,47.12
3216,1942.0289855072465,47.12
3217,1942.6328502415458,47.13
3218,1943.2367149758454,47.09
3219,1943.840579710145,47.13
3220,1944.4444444444446,47.09
3221,1945.048309178744,47.11
3222,1945.6521739130435,47.04
3223,1946.256038647343,47.06
3224,1946.8599033816427,47.13
3225,1947.463768115942,47.06
3226,1948.0676328502416,47.09
3227,1948.6714975845412,47.13
3228,1949.2753623188407,47.07
3229,1949.87922705314,47.06
3230,1950.4830917874397,47.07
3231,1951.0869565217392,47.09
3232,1951.6908212560388,47.07
3233,1952.2946859903382,47.12
3234,1952.8985507246377,47.11
3235,1953.5024154589373,47.14
3236,1954.1062801932367,47.14
3237,1954.7101449275362,47.09
3238,1955.3140096618358,47.09
3239,1955.9178743961354,47.13
3240,1956.5217391304348,47.13
3241,1957.1256038647343,47.12
3242,1957.729468599034,47.09
3243,1958.3333333333335,47.12
3244,1958.9371980676328,47.11
3245,1959.5410628019324,47.07
3246,1960.144927536232,47.11
3247,1960.7487922705316,47.12
3248,1961.352657004831,47.11
3249,1961.9565217391305,47.07
3250,1962.56038647343,47.09
3251,1963.1642512077294,47.07
3252,1963.768115942029,47.11
3253,1964.3719806763286,47.05
3254,1964.9758454106282,47.0
3255,1965.5797101449275,47.05
3256,1966.183574879227,47.02
3257,1966.7874396135267,47.04
3258,1967.3913043478262,47.16
3259,1967.9951690821256,47.09
3260,1968.5990338164252,46.98
3261,1969.2028985507247,47.09
3262,1969.8067632850243,47.09
3263,1970.4106280193237,46.94
3264,1971.0144927536232,47.06
3265,1971.6183574879228,47.05
3266,1972.2222222222222,47.04
3267,1972.8260869565217,47.06
3268,1973.4299516908213,47.0
3269,1974.033816425121,47.05
3270,1974.6376811594203,46.98
3271,1975.2415458937198,47.09
3272,1975.8454106280194,47.05
3273,1976.449275362319,47.06
3274,1977.0531400966183,47.05
3275,1977.657004830918,47.06
3276,1978.2608695652175,46.96
3277,1978.864734299517,46.98
3278,1979.4685990338164,47.04
3279,1980.072463768116,47.02
3280,1980.6763285024156,47.05
3281,1981.280193236715,46.98
3282,1981.8840579710145,46.98
3283,1982.487922705314,47.02
3284,1983.0917874396137,47.0
3285,1983.695652173913,46.98
3286,1984.2995169082126,46.98
3287,1984.9033816425122,47.09
3288,1985.5072463768117,47.02
3289,1986.111111111111,47.02
3290,1986.7149758454107,46.95
3291,1987.3188405797102,46.95
3292,1987.9227053140098,46.99
3293,1988.5265700483092,47.02
3294,1989.1304347826087,47.02
3295,1989.7342995169083,47.02
3296,1990.3381642512077,46.99
3297,1990.9420289855072,47.0
3298,1991.5458937198068,47.0
3299,1992.1497584541064,46.95
3300,1992.7536231884058,46.99
3301,1993.3574879227053,46.93
3302,1993.961352657005,46.99
3303,1994.5652173913045,47.02
3304,1995.1690821256038,46.91
3305,1995.7729468599034,46.96
3306,1996.376811594203,47.02
3307,1996.9806763285026,47.02
3308,1997.584541062802,47.02
3309,1998.1884057971015,47.02
3310,1998.792270531401,47.02
3311,1999.3961352657007,47.02
3312,2000.0,47.02
